specie,colore,n_arti,peso,altezza,larghezza
Robby,viola,25,4.41,31.33,66.36
Robby,viola,28,3.63,39.65,68.55
Robby,rosso,26,5.38,47.4,69.12
Robby,blu,29,4.28,29.46,72.27
Robby,rosso,22,4.41,40.8,70.34
Robby,rosso,22,54,30.15,66.92
Robby,rosso,23,3.71,25.29,73.73
Robby,viola,22,4.39,31.97,765
Robby,viola,22,4.85,29.55,63.94
Robby,rosso,22,4.1,339,65.62
Robby,viola,29,4.18,33.13,68.81
Robby,blu,24,4.25,34.78,64.77
Robby,viola,26,4.19,31.81,71.79
Robby,blu,26,4.11,34.11,74.23
Robby,blu,26,4.73,33.89,72.89
Robby,viola,22,4.65,389,64.97
Robby,rosso,25,5.24,35.48,72.4
Robby,viola,22,3.52,30.75,70.8
Robby,blu,22,46,25.76,74.73
Robby,viola,29,4.55,28.86,80.25
Robby,blu,22,4.65,35.33,70.93
Robby,rosso,26,5.13,34.43,63.26
Robby,blu,26,3.96,35.18,693
Robby,rosso,28,4.64,386,66.94
Robby,rosso,27,4.54,30.63,66.96
Robby,blu,24,3.94,20.91,67.54
Robby,blu,23,4.65,29.81,71.58
Robby,rosso,20,4.3,30.32,70.52
Robby,rosso,23,3.76,20.94,71.49
Robby,rosso,28,5.56,31.82,70.37
Robby,viola,28,4.52,29.38,68.7
Robby,blu,28,3.91,42.76,73.93
Robby,viola,23,57,297,74.77
Robby,blu,25,5.38,34.38,742
Robby,blu,28,4.62,38.33,72.45
Robby,viola,28,4.71,32.94,66.37
Robby,viola,25,5.15,27.76,68.15
Robby,viola,20,4.77,37.62,728
Robby,rosso,22,3.82,32.23,67.21
Robby,rosso,23,4.13,48.43,63.13
Robby,viola,21,4.31,32.65,69.18
Robby,rosso,26,4.29,29.84,72.59
Robby,viola,21,5.37,34.12,75.77
Robby,viola,24,4.3,26.5,73.23
Robby,rosso,26,4.73,42.61,75.78
Robby,rosso,29,4.47,39.64,69.38
Robby,viola,21,5.24,46.61,75.69
Robby,rosso,23,4.2,42.29,68.26
Robby,blu,26,4.95,372,726
Robby,blu,27,4.28,302,72.37
Robby,viola,23,4.82,411,70.89
Robby,rosso,24,4.13,30.41,71.24
Robby,viola,22,4.63,34.64,62.9
Robby,viola,24,3.24,36.2,73.74
Robby,blu,24,5.2,382,73.68
Robby,rosso,24,4.25,37.45,69.72
Robby,viola,20,4.31,334,69.32
Robby,rosso,27,4.82,17.96,74.5
Robby,viola,29,4.72,30.67,703
Robby,blu,29,4.76,26,63.85
Robby,viola,21,4.43,46.35,70.82
Robby,blu,21,4.18,30.21,68.39
Robby,viola,21,4.29,24.78,70.25
Robby,viola,29,4.13,25.73,734
Robby,viola,26,5.14,23.77,64.97
Robby,rosso,24,4.28,31.7,74.26
Robby,viola,25,4.58,34.25,67.87
Robby,blu,21,4.23,316,67.92
Robby,blu,27,3.82,19.32,71.92
Robby,rosso,23,51,44.31,76.19
Robby,rosso,20,4.6,28.25,75.61
Robby,blu,22,4.28,27.33,67.18
Robby,viola,29,4.59,33.52,71.89
Robby,rosso,21,4.88,35.38,73.42
Robby,rosso,23,4.16,32.73,732
Robby,viola,22,3.99,29.95,68.28
Robby,viola,25,4.56,36.58,68.53
Robby,blu,22,4.45,30.87,73.88
Robby,viola,22,4.75,36.93,70.88
Robby,rosso,27,4.2,40.2,757
Robby,rosso,20,4.89,25.58,71.26
Robby,rosso,24,4.46,33.63,67.33
Robby,rosso,21,5.44,31.83,74.5
Robby,viola,22,4.73,38.61,70.11
Robby,rosso,22,4.27,28.27,68.71
Robby,blu,26,4.97,32.5,65.74
Robby,rosso,24,4.75,37,67.32
Robby,viola,23,3.97,399,66.74
Robby,viola,27,3.86,26.24,74.28
Robby,blu,23,4.51,29.41,68.79
Robby,viola,21,3.69,35.61,677
Robby,viola,28,45,30.31,73.93
Robby,viola,23,4.62,31.91,73.44
Robby,viola,20,4.59,30.21,70.31
Robby,blu,25,3.59,35.67,75.62
Robby,viola,21,4.45,28.98,67.16
Robby,viola,20,4.11,30.79,70.1
Robby,blu,20,4.66,29.64,66.88
Robby,rosso,28,4.52,27.54,71.36
Robby,blu,25,4.27,28.43,754
Robby,rosso,21,3.85,38.15,74.25
Robby,viola,23,4.56,42.53,70.68
Robby,viola,24,4.79,32.63,69.42
Robby,blu,24,3.97,387,65.66
Robby,rosso,28,4.41,31.17,77.43
Robby,blu,28,4.22,39.8,69.36
Robby,rosso,25,4.62,29.92,68.8
Robby,rosso,28,4.65,42.75,66.2
Robby,viola,23,4.6,38.51,664
Robby,blu,23,4.45,36.42,75.96
Robby,viola,23,3.32,34.89,71.15
Robby,rosso,27,4.86,28.63,67.89
Robby,rosso,21,4.73,22.27,708
Robby,blu,28,4.86,25.9,72.34
Robby,blu,29,5.26,33.65,65.21
Robby,rosso,27,4.59,407,69.56
Robby,viola,20,4.49,18.61,68.86
Robby,rosso,25,4.25,24.48,66.24
Robby,viola,25,4.38,38.67,72.73
Robby,rosso,20,3.75,34.55,70.8
Robby,rosso,22,4.26,28.99,66.23
Robby,blu,28,4.95,30.1,69.53
Robby,rosso,20,4.52,38.24,66.84
Robby,rosso,23,3.42,48.87,70.33
Robby,blu,28,43,39.79,691
Robby,blu,23,4.71,34.38,668
Robby,viola,23,42,34.42,66.88
Robby,viola,21,4.47,38.41,69.57
Robby,viola,25,4.23,29.71,71.61
Robby,blu,25,3.29,28.59,668
Robby,blu,23,43,23.57,66.58
Robby,rosso,29,4.45,25.9,69.83
Robby,blu,27,4.73,34.76,68
Robby,blu,22,4.56,25.15,69.8
Robby,rosso,21,3.71,287,64.53
Robby,rosso,27,4.1,27.18,765
Robby,viola,23,4.52,32.52,73.83
Robby,viola,24,4.93,36.92,64.61
Robby,viola,29,4.59,37.1,64.75
Robby,viola,29,4.27,34.17,68.9
Robby,blu,20,4.29,35.85,72.63
Robby,rosso,29,4.61,35.99,75.61
Robby,rosso,20,3.62,38.21,74.49
Robby,rosso,28,4.23,26.88,67.7
Robby,blu,26,52,35.59,73.62
Robby,rosso,26,3.7,21.68,74.5
Robby,viola,25,5.6,31.39,71.47
Robby,viola,29,54,38.96,78.92
Robby,viola,21,3.36,32.9,67.55
Robby,blu,29,5.27,27.12,72.19
Robby,rosso,28,55,34.33,68.11
Robby,rosso,24,4.97,27.39,75.65
Robby,rosso,26,5.12,29.27,68.21
Robby,viola,27,3.87,30.31,68.17
Robby,rosso,26,41,28.91,66.32
Robby,,28,4.65,38.47,68.51
Robby,rosso,28,4.6,39.34,71.2
Robby,viola,24,3.57,33.45,64.57
Robby,rosso,21,4,41.72,74.98
Robby,rosso,29,4.62,37.18,66.12
Robby,viola,26,3.51,28.54,72.85
Robby,rosso,27,4.91,37.49,76.47
Robby,viola,26,4.34,21.22,71
Robby,blu,22,5.19,28.46,70.24
Robby,rosso,24,3.65,45.66,73.77
Robby,viola,21,5.36,42.64,69.7
Robby,blu,22,3.9,37.1,73.94
Robby,blu,23,4.34,34.6,70.43
Robby,viola,21,4.71,31.85,77.51
Robby,rosso,28,47,29.33,68.68
Robby,blu,20,4.69,31.4,74.27
Robby,rosso,27,3.97,29.36,692
Robby,rosso,25,4.45,34.49,75.68
Robby,blu,24,5.33,28.72,70.69
Robby,rosso,28,3.85,33.61,69.78
Robby,rosso,28,58,28.75,72.52
Robby,rosso,29,4.38,297,71.61
Robby,rosso,29,4.94,33.14,738
Robby,blu,24,4.3,36.29,688
Robby,viola,27,4.32,27.82,72.29
Robby,blu,22,4.94,25.6,66.63
Robby,rosso,25,3.32,31.42,772
Robby,viola,25,4.33,43.97,71.36
Robby,blu,23,4.97,35.84,69.81
Robby,blu,20,43,36.15,68.27
Robby,blu,29,3.91,35.56,691
Robby,viola,29,5.12,28.33,71.84
Robby,viola,20,3.27,32.62,66.29
Robby,rosso,22,4.2,37.2,74.5
Robby,rosso,27,54,34.72,68.12
Robby,blu,26,41,42.38,62.1
Robby,viola,22,5.28,32.71,71.21
Robby,viola,22,5.15,32.56,67.54
Robby,rosso,23,4.52,31.59,68.86
Robby,viola,29,3.61,37.43,70
Robby,blu,24,4.33,34.47,69.83
Robby,viola,20,4.25,28.97,70.77
Robby,rosso,21,3.27,41.5,65.76
Robby,rosso,23,4.87,29.78,727
Robby,blu,21,4.18,34.63,67.99
Robby,rosso,20,3.5,28.58,68.39
Robby,rosso,26,4.37,33.33,73.46
Robby,blu,22,5.11,19.65,71.84
Robby,viola,25,4.36,25.27,68.69
Robby,viola,21,4.67,35.41,69.78
Robby,rosso,22,4.52,26.72,734
Robby,rosso,20,4.75,32.61,687
Robby,rosso,27,5.26,377,76.89
Robby,rosso,27,4.61,33.2,67.96
Robby,blu,28,4.42,28.24,69.38
Robby,viola,25,5.15,30.64,68.7
Robby,blu,27,3.32,356,72.15
Robby,viola,23,52,39.38,72.74
Robby,rosso,23,3.78,40.86,71.52
Robby,blu,20,4.91,29.95,67.1
Robby,rosso,23,5.24,42.67,70.26
Robby,blu,22,4.35,34.68,70.83
Robby,blu,25,4.46,30.33,75.35
Robby,blu,22,4.37,31.3,64.44
Robby,rosso,27,4.46,33.7,65.76
Robby,viola,21,3.67,26.16,67.92
Robby,blu,29,4.16,29.37,701
Robby,rosso,21,4.22,34.33,71.72
Robby,blu,23,4.21,29.6,73.53
Robby,blu,20,4.91,37.32,76.31
Robby,viola,20,4.95,356,74.25
Robby,blu,24,4.11,23.11,73.34
Robby,blu,22,5.31,34.24,74.89
Robby,blu,24,51,32.99,73.61
Robby,viola,26,5.17,296,66.63
Robby,rosso,28,4.67,25.61,769
Robby,rosso,22,3.78,219,71.17
Robby,blu,25,3.96,29.74,73.15
Robby,blu,28,4.18,25.98,73.7
Robby,rosso,22,51,23.26,68.62
Robby,rosso,25,4.52,342,71.14
Robby,blu,23,4.59,32.53,68.9
Robby,rosso,20,4.22,35.76,71.38
Robby,viola,20,5.2,24.25,67.96
Robby,rosso,28,4.84,32.1,72.48
Robby,blu,24,4.56,32.4,68.49
Robby,blu,27,4.59,38.27,75.12
Robby,viola,23,4.63,24.41,734
Robby,viola,23,5.19,24.89,74.2
Robby,rosso,27,4.39,39.44,73.65
Robby,viola,26,4.24,40.84,68.47
Robby,viola,22,4.1,24.39,61.32
Robby,viola,23,4.56,31.51,68.48
Robby,viola,27,5.21,28.86,67.95
Robby,blu,23,5.11,24.29,67.71
Robby,blu,25,4.18,33.8,67.29
Robby,blu,24,3.88,43.51,67.5
Robby,blu,23,3.99,35.55,73.79
Robby,rosso,21,3.98,25.49,70.72
Robby,viola,20,3.81,29.17,67.78
Robby,rosso,21,4.76,31.41,68.49
Robby,viola,22,4.59,39.91,73.33
Robby,rosso,25,3.89,29.22,67.57
Robby,rosso,29,4.44,31.64,63.35
Robby,viola,22,4.43,32.32,72.82
Robby,rosso,24,4.36,39.55,69.97
Robby,viola,24,5.65,,64.48
Robby,rosso,23,4.57,34.82,66.48
Robby,viola,20,3.36,39.77,70.22
Robby,viola,22,4.46,29.41,61.84
Robby,viola,27,4.78,35.41,71.32
Robby,viola,27,5.51,35.68,68.82
Robby,viola,27,3.71,282,68.38
Robby,blu,23,3.67,36.99,68.2
Robby,blu,25,4,29.35,73.55
Robby,blu,29,5.63,30.83,74.81
Robby,rosso,26,4.7,40.68,68.94
Robby,blu,23,5.12,28.67,67.16
Robby,rosso,23,4.49,22.77,68.21
Robby,viola,24,4.36,41.71,62.73
Robby,viola,24,4.38,36.78,67.88
Robby,viola,29,3.8,40.51,70.15
Robby,rosso,29,4.26,31.35,73.56
Robby,blu,22,3.6,33.15,67.75
Robby,rosso,25,4.38,27.81,70.12
Robby,blu,27,3.67,29.27,77.6
Robby,rosso,23,4.32,42.85,639
Robby,blu,23,4.69,42.53,656
Robby,viola,22,3.65,37.51,70.89
Robby,rosso,20,4.47,40.67,725
Robby,blu,29,4.82,28.47,67.53
Robby,blu,20,42,28.53,71.7
Robby,rosso,27,4.22,34.93,66.86
Robby,viola,,4.15,44.37,72.24
Robby,rosso,26,4.53,25.71,72.74
Robby,rosso,24,4.88,29.44,69.72
Robby,rosso,21,3.63,391,71.75
Robby,blu,22,3.22,33.25,667
Robby,viola,26,4.25,32.78,713
Robby,viola,27,3.74,398,73.33
Robby,viola,22,3.4,31.55,69.72
Robby,viola,22,4.41,32.6,711
Robby,rosso,23,4.98,27.27,70.14
Robby,viola,29,3.71,383,70.65
Robby,viola,25,4.9,35.81,69.93
Robby,rosso,29,4.7,31.24,73.75
Robby,viola,22,3.78,32,712
Robby,viola,20,4.86,32.93,66.61
Robby,rosso,21,5.15,45,66.17
Robby,viola,27,4.4,28.57,68.27
Robby,viola,26,4.95,275,69.92
Robby,viola,24,5.21,40.28,65.82
Robby,viola,28,4.8,27.64,68.96
Robby,blu,25,4.96,31.12,74.98
Robby,blu,24,5.15,35.35,71.5
Robby,viola,23,5.88,29.68,70.87
Robby,viola,21,4.24,35.94,69.32
Robby,rosso,29,3.83,33.4,665
Robby,rosso,25,4.14,356,67.65
Robby,viola,20,4.57,32.92,725
Robby,blu,22,4.33,336,76.65
Robby,viola,29,4.68,32,70.22
Robby,blu,21,5.29,36.58,68.9
Robby,viola,21,5.23,291,67.12
Robby,blu,20,4.23,26.75,65.66
Robby,rosso,28,3.77,24.12,72.45
Robby,blu,26,4.47,28.35,68.32
Robby,viola,26,5.15,27.22,77.97
Robby,rosso,29,4.69,33.15,75.34
Robby,blu,29,3.81,49.31,68.44
Robby,blu,27,4.67,22.26,76.56
Robby,rosso,24,4.63,32.6,67.47
Robby,viola,25,4.1,41.6,72.9
Robby,blu,24,4.51,42.2,73.96
Robby,viola,20,4.42,37.92,75.4
Robby,blu,24,4.24,37.42,68.53
Robby,blu,22,4.56,30.24,73.6
Robby,viola,21,42,371,68.82
Robby,viola,26,5.25,34.19,682
Robby,blu,28,4.58,35.76,71.23
Robby,blu,23,4.43,29.2,60.39
Robby,rosso,23,5.28,30.95,69.44
Robby,blu,28,4.62,34.59,71.46
Robby,viola,26,4.15,26.25,71.95
Robby,viola,22,4.82,256,69.69
Robby,blu,26,4.31,304,69
Robby,rosso,26,4.31,37.61,75.31
Robby,blu,23,4.87,39.53,65.97
Robby,blu,24,3.95,38.97,73.83
Robby,viola,21,4.54,41.75,70.16
Robby,viola,21,4.18,31.2,70.58
Robby,blu,22,4.86,356,70.71
Robby,blu,28,4.57,28.33,69.95
Robby,rosso,21,4.35,38.36,74.96
Robby,blu,21,5.39,30.12,65.14
Robby,rosso,27,4.64,26.73,65.84
Robby,blu,27,4.19,28.93,70.34
Robby,rosso,28,4.16,39.75,69.48
Robby,rosso,28,5.31,29.42,65.39
Robby,rosso,29,4.71,32.32,71.64
Robby,blu,23,45,18.83,73.99
Robby,blu,22,4.57,32.41,68.86
Robby,viola,25,3.87,29.46,71.48
Robby,blu,29,4.26,38.43,74.74
Robby,rosso,29,3.41,38.35,72.97
Robby,blu,27,4.78,41.46,63.55
Robby,viola,23,4.87,24.5,65.91
Robby,viola,21,43,32.81,72.63
Robby,blu,21,4.73,45.47,66.23
Robby,blu,27,4.77,39.69,76.37
Robby,blu,27,4,323,746
Robby,blu,22,4.66,37.67,66.24
Robby,rosso,25,52,30.25,68.88
Robby,blu,23,52,29.41,67.84
Robby,viola,24,4.27,299,74.96
Robby,viola,27,5.17,22.21,73.71
Robby,blu,24,4.56,29.1,76.53
Robby,blu,22,4.85,28.54,65.84
Robby,blu,20,4.47,30.8,72.7
Robby,blu,29,4.62,45.31,69.62
Robby,rosso,21,4.53,27.62,65.85
Robby,viola,25,5.32,30.48,69.86
Robby,viola,24,3.55,43.26,65.41
Robby,rosso,24,44,32.55,66.78
Robby,blu,29,3.95,31.57,69.45
Robby,rosso,27,4.93,38.54,689
Robby,rosso,22,4.78,35.34,72.69
Robby,rosso,21,4.99,37.84,71.57
Robby,rosso,28,4.53,27.95,69.33
Robby,rosso,20,4.48,37.79,69.89
Robby,viola,26,4.42,30.48,72.33
Robby,blu,25,5.39,22.1,65.9
Robby,blu,26,4.64,34.94,65.31
Robby,viola,23,3.75,35.6,70.89
Robby,rosso,29,4.2,348,68.55
Robby,blu,20,4.3,32.17,66.81
Robby,blu,21,4.24,27.54,72.39
Robby,rosso,28,45,34.68,64.9
Robby,rosso,29,3.92,34.93,68.86
Robby,viola,29,4.68,27.94,69.67
Robby,rosso,27,3.76,24.75,70.67
Robby,viola,25,4.74,33.73,687
Robby,blu,25,4.56,28.13,71.62
Robby,rosso,26,4.96,40.25,72.9
Robby,rosso,20,4.54,20.42,65.94
Robby,viola,27,4.26,331,73.15
Robby,blu,24,5.41,31.51,716
Robby,rosso,28,58,327,68.77
Robby,blu,25,55,235,64.54
Robby,rosso,28,4.68,31.34,65.57
Robby,rosso,24,4.62,24.3,71.37
Robby,viola,29,4.99,30,752
Robby,blu,20,5.21,32.55,69.43
Robby,blu,22,4.4,33.84,63.32
Robby,rosso,25,5.68,27.82,68.64
Robby,rosso,25,4.25,33.99,73.54
Robby,blu,22,5.83,34.58,76.46
Robby,blu,20,3.82,33.2,67.36
Robby,rosso,28,3.72,29.84,71.8
Robby,rosso,23,4.53,33.49,759
Robby,blu,21,4.86,22.27,72.65
Robby,viola,27,4.59,37.23,71.86
Robby,viola,28,4.63,29.22,74.7
Robby,viola,25,4.54,45.31,73.71
Robby,rosso,29,4.77,40.55,65.41
Robby,viola,28,3.78,393,71.97
Robby,blu,24,4.57,27.15,69.38
Robby,blu,23,5.46,35.8,66.51
Robby,rosso,25,5.31,345,68.89
Robby,viola,21,4.79,38.41,70.71
Robby,blu,23,5.51,31.79,61.56
Robby,blu,25,4.51,33.35,679
Robby,rosso,22,4.97,33.51,72.2
Robby,rosso,28,4.59,33.75,71.59
Robby,blu,29,3.93,35.91,70.83
Robby,blu,26,42,22.45,70.2
Robby,rosso,20,49,23.35,70.6
Robby,viola,21,5.35,27.86,68.58
Robby,rosso,27,3.34,15.63,67
Robby,blu,22,5.1,29.95,66.67
Robby,viola,27,3.57,32.93,67.99
Robby,viola,22,4.95,26.24,70.19
Robby,rosso,20,4.83,386,69
Robby,rosso,20,4.54,40.54,75.84
Robby,blu,20,3.74,29.82,71.9
Robby,rosso,26,5.46,34.88,69.12
Robby,rosso,20,4.1,34.35,72.95
Robby,rosso,20,3.85,37.85,69.9
Robby,rosso,24,4.38,34,674
Robby,rosso,21,4.52,39.15,69.87
Robby,rosso,20,4.73,17.65,69.97
Robby,blu,23,4.28,37.18,749
Robby,viola,21,4.74,33.48,71.9
Robby,viola,22,4.85,39.74,693
Robby,blu,26,4.25,43.33,72.11
Robby,rosso,21,4.22,35.12,67.99
Robby,blu,26,3.5,381,72.34
Robby,viola,21,4.25,39.75,70.7
Robby,rosso,28,46,24.4,73.75
Robby,viola,20,53,39.19,71.77
Robby,viola,29,3.68,30.2,66.96
Robby,blu,23,43,37.62,70.89
Robby,rosso,25,4.18,39.8,68.32
Robby,blu,25,4.45,34.1,666
Robby,blu,21,4.38,38.51,69.92
Robby,rosso,21,5.24,32.56,67.36
Robby,blu,24,4.9,24.87,72.83
Robby,rosso,26,4.84,33.24,71.79
Robby,viola,20,4.22,43.72,70.87
Robby,blu,26,4.52,34.94,76.29
Robby,blu,21,3.92,33.95,68.11
Robby,blu,26,4.15,24.32,73.5
Robby,rosso,22,4.13,38.55,71.15
Robby,viola,23,53,30.41,728
Robby,blu,21,3.74,38.29,735
Robby,blu,26,48,32.16,72.63
Robby,viola,24,4.42,40.8,69.81
Robby,rosso,28,5.13,40.88,66.44
Robby,rosso,20,5.27,29.71,68.56
Robby,blu,28,5.3,219,67.96
Robby,rosso,29,4.84,32.98,68.54
Robby,rosso,28,3.73,36.74,71.18
Robby,blu,29,5.55,35,72.45
Robby,viola,24,4.2,32.64,72.87
Robby,viola,25,4.25,44.1,70.14
Robby,rosso,26,4.71,34.2,67.59
Robby,rosso,27,4.4,37.86,62.8
Robby,rosso,24,4.98,37.82,72
Robby,viola,26,4.37,28.17,70.58
Robby,blu,23,3.22,27.86,653
Robby,viola,21,4.76,18.74,73.24
Robby,blu,20,4.9,48.57,757
Robby,blu,27,59,24.45,70.67
Robby,viola,27,5.49,32.14,65.5
Robby,blu,25,4.31,34.52,73.18
Robby,viola,21,4.12,23.89,69.98
Robby,blu,26,3.86,29.43,71.58
Robby,rosso,27,4.23,31.34,67.63
Robby,viola,29,3.47,36.33,72.34
Robby,rosso,21,4.25,35.47,67.66
Robby,viola,22,4.75,28.99,69.58
Robby,blu,24,3.89,27.96,67.39
Robby,blu,22,3.99,35.6,67.7
Robby,blu,23,5.46,29.28,64.37
Robby,blu,22,5.5,33.5,72.61
Robby,blu,25,4.69,442,69.43
Robby,rosso,24,4.62,28.72,64.4
Robby,blu,20,4.13,31.63,69.72
Robby,rosso,20,5.22,43.38,77.93
Robby,rosso,23,4.48,31.46,66.76
Robby,viola,23,4.2,34.57,67.26
Robby,viola,22,4.44,341,68.63
Robby,viola,25,3.88,30.22,70.89
Robby,rosso,20,3.97,30.29,66.88
Robby,viola,20,4.34,23.76,70.99
Robby,viola,25,4.3,32.15,71.71
Robby,viola,25,4.24,43.84,66.25
Robby,viola,28,3.99,34,72.12
Robby,viola,21,4.93,32.27,71.43
Robby,viola,25,4.87,32.15,733
Robby,rosso,29,5.15,31.16,75.68
Robby,rosso,29,42,28.4,72.69
Robby,viola,26,48,36.86,70.43
Robby,blu,21,4.59,35.26,69.32
Robby,blu,29,3.97,28.2,721
Robby,viola,27,4.62,341,71.62
Robby,rosso,28,5.48,34.33,73.29
Robby,blu,27,4.51,38.9,73.4
Robby,rosso,20,4.6,317,74.8
Robby,viola,27,4.61,28,732
Robby,blu,27,4.96,39.95,71.51
Robby,rosso,23,4.4,387,67.25
Robby,rosso,22,43,309,70.64
Robby,rosso,23,4.67,44.33,674
Robby,blu,23,4.51,309,69.58
Robby,blu,21,4.29,20.41,64.87
Robby,rosso,28,5.15,394,71.97
Robby,blu,28,3.72,34.19,71.35
Robby,rosso,28,4.62,30.36,72.14
Robby,viola,27,4.43,29.47,73.16
Robby,blu,24,4.85,29.76,71.57
Robby,rosso,28,4.56,30.52,66.32
Robby,blu,27,4.83,33.83,76.71
Robby,rosso,24,3.22,242,69.87
Robby,viola,29,3.63,28.19,71.87
Robby,viola,26,4.2,34.51,61.34
Robby,viola,24,3.52,39.9,64.67
Robby,rosso,26,5.16,28.3,72.21
Robby,viola,21,4.53,34.96,764
Robby,viola,26,4.81,32.28,73.39
Robby,blu,29,4.81,21.44,67.86
Robby,blu,29,4.76,38.58,735
Robby,blu,24,2.85,36.27,73.87
Robby,rosso,,4.77,39.14,73.26
Robby,rosso,28,4.63,34.23,714
Robby,rosso,22,4.93,19.84,69.48
Robby,viola,27,4.28,30.51,65.54
Robby,blu,27,4.63,24.71,74.15
Robby,blu,22,4.4,30.31,69.52
Robby,viola,23,3.54,393,68.33
Robby,rosso,27,5.29,31.7,65.63
Robby,rosso,25,4.8,29.11,65.7
Robby,blu,28,4.66,20.98,71.43
Robby,blu,28,4.5,34.2,70.79
Robby,rosso,22,4.86,34.8,70.33
Robby,rosso,28,4.68,38.13,67.58
Robby,rosso,29,4.18,322,747
Robby,viola,29,59,29.49,67.14
Robby,viola,28,4.24,33.85,77.87
Robby,blu,29,4.7,38.27,65.12
Robby,viola,24,4.16,21.46,67.66
Robby,blu,26,3.95,23.33,71.53
Robby,rosso,20,5.32,23.38,73.89
Robby,rosso,26,5.16,379,68.62
Robby,blu,24,5.36,34.73,68.2
Robby,viola,22,4.96,38.13,70.12
Robby,blu,27,5.32,27.81,64.67
Robby,blu,22,3.55,33.56,71.8
Robby,blu,22,5.18,438,70.8
Robby,blu,22,3.49,38.45,68.57
Robby,blu,29,3.58,38.27,71.88
Robby,rosso,20,4.84,32.48,63.32
Robby,blu,23,4.87,34.28,68.26
Robby,viola,20,3.88,33.38,71.63
Robby,viola,27,4.14,28.33,697
Robby,viola,28,4.57,36.9,69.25
Robby,blu,23,3.42,41.17,693
Robby,rosso,22,4.87,27.65,66.99
Robby,viola,29,4.54,26.68,76.12
Robby,rosso,20,4.86,27.81,70.6
Robby,blu,26,46,31.38,71.22
Robby,viola,26,4.36,25.8,71.12
Robby,rosso,23,4.63,34.73,66.14
Robby,blu,21,4.51,30.13,76.14
Robby,blu,26,5.26,38.87,69.21
Robby,rosso,21,41,43.97,72.14
Robby,viola,28,4.49,33.63,66.98
Robby,rosso,28,41,29.77,73.22
Robby,viola,27,43,31.56,73.39
Robby,rosso,21,4.98,29.67,70.29
Robby,rosso,28,5.17,32.51,64.79
Robby,viola,27,4.23,27.69,68.38
Robby,viola,27,3.34,40.28,74.15
Robby,rosso,29,3.25,29.27,72.4
Robby,viola,21,3.97,39.17,66.11
Robby,rosso,27,4.13,28.67,70.89
Robby,rosso,29,4.62,29.78,69.32
Robby,blu,20,3.41,29.94,71.62
Robby,rosso,25,4.99,32.28,691
Robby,blu,26,3.56,29.88,73.13
Robby,blu,28,4.98,303,62.79
Robby,rosso,20,4.53,36.11,67.71
Robby,blu,21,6.11,30.96,734
Robby,rosso,22,5.16,25.42,68.52
Robby,viola,26,3.83,23.43,662
Robby,blu,23,4.8,19.94,70.16
Robby,viola,25,4.31,35.92,703
Robby,blu,22,4.41,35.76,70.36
Robby,blu,22,4.23,294,70.24
Robby,blu,24,4.58,30.53,72.7
Robby,blu,23,4.59,29.22,63.26
Robby,blu,26,3.9,39.66,72.26
Robby,viola,21,4.57,33.15,697
Robby,viola,28,4.59,41.14,73.7
Robby,blu,23,4.47,30.99,66.51
Robby,rosso,28,4.18,22.81,73.48
Robby,viola,28,4.59,27.35,71.77
Robby,blu,21,5.53,33.19,79.59
Robby,blu,22,4.65,30.47,71.34
Robby,blu,27,4.95,224,70.2
Robby,viola,25,47,32.52,71.23
Robby,viola,25,4.66,35.55,73.96
Robby,viola,23,3.42,38.17,73.35
Robby,rosso,22,3.94,33.93,70.64
Robby,rosso,25,5.17,30.84,73.59
Robby,viola,23,4.73,42,69.24
Robby,viola,24,3.42,25.5,66.86
Robby,blu,25,5.37,39.17,72.37
Robby,rosso,26,4.42,28.97,72.33
Robby,rosso,22,4.79,33.92,67.8
Robby,viola,25,4.58,36.4,69.89
Robby,blu,28,46,40.42,74.79
Robby,rosso,23,3.84,35.91,728
Robby,rosso,21,3.7,34.37,69.98
Robby,viola,25,4.86,30.31,69.51
Robby,viola,21,4.76,37.33,71.98
Robby,blu,21,4.74,22.98,74.28
Robby,blu,24,4.88,25.7,63.31
Robby,rosso,24,4.94,41.25,737
Robby,viola,25,5.17,33.89,67.66
Robby,rosso,28,4.9,348,71.85
Robby,blu,26,3.84,37.61,66.48
Robby,rosso,26,4.88,33.13,65.99
Robby,rosso,23,4.74,36.71,63.82
Robby,rosso,26,4.42,32.81,72.67
Robby,rosso,28,4.42,30.9,73.34
Robby,blu,27,3.64,29.95,70.66
Robby,viola,26,4.38,38.21,69.29
Robby,,25,4.31,23.21,68.94
Robby,viola,25,4.6,27.74,74.76
Robby,blu,20,4.94,46.73,68
Robby,viola,26,4.21,32.41,70.44
Robby,blu,29,4.78,25.17,70.5
Robby,blu,23,4.48,24.43,71.46
Robby,blu,23,4.16,30.64,69.81
Robby,blu,20,4.94,24.79,68.86
Robby,blu,27,3.92,39.98,70.27
Robby,blu,29,4.76,30.44,71.66
Robby,viola,24,46,23.52,69.91
Robby,viola,,3.99,32.73,75.86
Robby,blu,28,4.89,27.98,736
Robby,rosso,26,4.23,37.11,65.19
Robby,viola,23,4.47,35.38,741
Robby,blu,25,3.29,30.73,75.1
Robby,rosso,26,4.55,428,715
Robby,rosso,23,5.36,36.53,76.19
Robby,blu,23,3.89,367,73.97
Robby,rosso,20,4.87,37.54,71.5
Robby,blu,23,5.74,29.1,68.63
Robby,viola,28,3.85,27.49,69.15
Robby,blu,23,3.6,421,65.26
Robby,rosso,28,4.26,22.29,71.2
Robby,blu,20,4.96,38.51,67.21
Robby,blu,27,3.37,30.92,69.25
Robby,blu,29,5.29,38.96,73.35
Robby,rosso,28,54,32.53,68.99
Robby,rosso,29,4.48,39.33,703
Robby,rosso,26,4.38,35.49,70.75
Robby,blu,25,4.48,31.24,67.97
Robby,rosso,28,4.53,28.54,71.65
Robby,viola,22,4.98,30.14,71.24
Robby,rosso,24,5.15,35.81,77.26
Robby,blu,25,4.57,45.93,70.84
Robby,rosso,20,3.93,41.8,678
Robby,blu,24,4.66,29.73,67.96
Robby,blu,23,4.31,40.44,73.58
Robby,viola,23,4.24,40.42,67.28
Robby,blu,25,4.67,30.9,69.86
Robby,rosso,29,4.16,46.25,70.56
Robby,rosso,22,4.22,321,74.55
Robby,blu,27,3.58,38.46,73.26
Robby,viola,27,59,33.11,682
Robby,blu,20,3.87,29.61,68.96
Robby,viola,21,4.1,23.64,698
Robby,rosso,21,4.48,26.34,68.41
Robby,rosso,20,53,30.28,66.87
Robby,viola,29,5.23,29.14,66.38
Robby,viola,20,5.19,30.48,727
Robby,rosso,,4.48,39.73,70.73
Robby,viola,26,4.5,27.6,67.44
Robby,viola,20,4.14,28.83,726
Robby,viola,22,4.87,30.42,68.1
Robby,rosso,22,4.31,45.22,73.2
Robby,viola,21,4.28,25.88,724
Robby,viola,22,5.37,316,71.22
Robby,blu,23,5.39,33.8,72.36
Robby,rosso,23,5.23,29.35,72.62
Robby,viola,25,4.14,34.77,73.68
Robby,viola,29,4.66,23,72.41
Robby,viola,29,4.14,31.72,72.41
Robby,blu,26,4.46,30.91,65.17
Robby,blu,29,5.16,341,67.6
Robby,viola,20,4.32,28.11,70.95
Robby,viola,27,5.46,37.68,68.53
Robby,viola,29,5.48,30.52,673
Robby,rosso,25,5.13,36.62,75.99
Robby,rosso,29,4.44,26.16,72.61
Robby,viola,24,45,33.63,66.14
Robby,viola,27,4.57,30.74,63.76
Robby,viola,28,4.34,25.26,64.67
Robby,blu,21,5.71,44.5,76.35
Robby,rosso,29,4.6,39.58,67.69
Robby,rosso,25,4.98,37.51,65.19
Robby,blu,26,4.73,47.55,73.27
Robby,rosso,20,4.11,30.35,73.97
Robby,rosso,28,4.13,32.22,72.47
Robby,blu,24,49,33.46,73.2
Robby,rosso,20,4.9,30.3,73.2
Robby,blu,23,4.21,49.75,68.15
Robby,rosso,25,5.17,28.36,75.86
Robby,viola,27,3.3,427,69.68
Robby,rosso,27,5.54,34.2,67.42
Robby,viola,24,3.72,26,688
Robby,rosso,26,4.63,37.31,74.75
Robby,rosso,22,4.18,35.35,73.98
Robby,viola,22,4.71,32.5,69.89
Robby,rosso,24,5.42,28.26,63.67
Robby,blu,27,4.72,276,75.36
Robby,blu,29,4.68,29.93,69.33
Robby,blu,23,4.64,28.85,68.18
Robby,rosso,21,4.39,19.97,71.56
Robby,rosso,29,4.3,33.4,72.37
Robby,viola,25,4.97,24.35,781
Robby,viola,25,4.2,397,71.52
Robby,viola,29,48,29.21,63.42
Robby,rosso,25,4.12,28.4,70.64
Robby,blu,23,5.14,29.53,77.87
Robby,blu,29,4.84,33.5,69.75
Robby,viola,22,5.11,22.94,704
Robby,blu,21,3.69,329,77.21
Robby,viola,29,46,33.53,63.35
Robby,blu,29,5.38,345,71.84
Robby,rosso,29,4.7,25.15,66.95
Robby,blu,26,4.17,33.41,69.21
Robby,rosso,27,4.94,36.42,74.79
Robby,viola,24,4.42,33.67,717
Robby,viola,20,4.34,357,67.2
Robby,viola,27,4.21,31.42,70.52
Robby,blu,28,3.8,24.41,661
Robby,viola,21,4.4,40.34,68.64
Robby,rosso,27,5.23,259,71.13
Robby,blu,29,5.24,319,72.61
Robby,rosso,28,4.14,30.83,65.61
Robby,blu,28,3.77,33.33,69.86
Robby,rosso,26,4.73,18.98,66.4
Robby,blu,25,5.55,38,71.17
Robby,viola,25,4.52,31.12,64.26
Robby,viola,20,4.2,30.78,74.13
Robby,rosso,,4.67,45.6,67.96
Robby,viola,20,4.77,30.68,69.96
Robby,blu,22,3.86,339,709
Robby,blu,22,4.45,33.66,69.4
Robby,blu,20,3.97,27.18,68.71
Robby,blu,21,4.5,388,756
Robby,blu,22,45,26.8,718
Robby,viola,24,59,38.58,74.48
Robby,rosso,27,4.15,35.29,67.84
Robby,viola,24,4.69,21.38,69.77
Robby,rosso,20,3.86,30.14,69.19
Robby,blu,23,4.73,33.8,68.18
Robby,rosso,21,48,32.58,71.75
Robby,rosso,23,4.56,33.22,70.64
Robby,viola,23,4.76,291,72.24
Robby,viola,27,5.33,33.99,68.42
Robby,viola,22,3.98,28.7,68.75
Robby,viola,27,4.81,27.54,75.68
Robby,rosso,21,4.73,34.18,70.47
Robby,blu,28,4.14,36.17,72.46
Robby,blu,27,4.28,29.85,717
Robby,blu,20,4.45,342,75.69
Robby,viola,23,4.8,30.94,77.26
Robby,viola,22,4.77,27.4,72.6
Robby,rosso,21,5.17,28.73,68.3
Robby,blu,27,4.45,36.38,59.44
Robby,viola,24,4.6,35.67,66.3
Robby,rosso,27,4.47,28.9,74.74
Robby,blu,21,4.3,36.82,70.72
Robby,viola,29,4.7,35.72,77.23
Robby,rosso,28,4.38,33.64,74.12
Robby,blu,27,4.8,365,66.38
Robby,rosso,28,4.89,31.76,76.42
Robby,rosso,26,4.58,33.76,70.99
Robby,rosso,29,4.3,48.28,66.76
Robby,blu,26,3.77,28.96,73.1
Robby,rosso,22,4.91,36.2,723
Robby,rosso,24,4.51,23.65,70.67
Robby,rosso,24,4.43,35.76,69.92
Robby,blu,28,4.79,40.1,71.76
Robby,viola,20,4.76,29.21,71.41
Robby,rosso,29,4.71,27.13,70.12
Robby,viola,21,4.97,28.74,74.25
Robby,blu,22,4.42,26.66,63.92
Robby,viola,28,4.23,31.93,68.31
Robby,blu,21,4.45,31.6,69.74
Robby,blu,22,4.79,43.86,71.14
Robby,rosso,26,5.11,31.31,69.92
Robby,rosso,27,3.95,27.95,69
Robby,rosso,26,5.3,43.52,74.88
Robby,blu,29,5.46,33.71,71.36
Robby,rosso,26,4.43,28.46,65.38
Robby,rosso,26,4.95,40.61,72.77
Robby,rosso,29,4.29,34.68,61.5
Robby,viola,21,41,39.49,65.67
Robby,blu,28,4.67,31.85,70.3
Robby,rosso,28,4.15,335,68.39
Robby,blu,27,5.66,41,
Robby,rosso,26,4.53,31.54,74.94
Robby,blu,27,45,22.28,64.12
Robby,viola,22,4.26,36.61,70.75
Robby,viola,25,5.29,284,74.73
Robby,viola,26,4.16,34.4,71.35
Robby,blu,20,4.91,31.51,62.27
Robby,blu,23,42,40.13,68.88
Robby,rosso,29,49,33.99,67.35
Robby,viola,22,5.56,33.53,70.74
Robby,viola,20,4.2,34.71,64.52
Robby,viola,25,4.38,35.68,63.8
Robby,viola,26,58,30.72,68.2
Robby,blu,25,4.69,34.81,70.69
Robby,viola,21,4.78,33.44,696
Robby,viola,24,5.17,33.24,60.99
Robby,blu,29,4.85,28.76,69.5
Robby,rosso,22,4.83,34.15,71.43
Robby,viola,25,43,291,68.24
Robby,viola,26,4.85,28.15,72.66
Robby,blu,21,4.67,28.13,72.68
Robby,viola,24,4.13,20.25,64.53
Robby,rosso,22,4.7,40.37,72.69
Robby,blu,25,4.58,29.13,70.59
Robby,viola,20,4.76,44.77,73.63
Robby,blu,28,4.59,38.6,68.83
Robby,viola,24,5.22,32.72,70.71
Robby,blu,24,3.86,34.67,68.62
Robby,rosso,20,46,39.59,71.17
Robby,rosso,26,4.54,27.11,633
Robby,viola,29,4.2,30.37,695
Robby,rosso,23,4.62,32.23,71.88
Robby,blu,20,4.45,30.21,64.8
Robby,viola,21,4.36,29.2,762
Robby,viola,29,3.64,26.91,71.87
Robby,rosso,24,4.72,30.47,747
Robby,blu,29,3.34,34.2,72.43
Robby,blu,29,4.29,32.72,67.14
Robby,viola,27,4.98,27.83,75.16
Robby,viola,26,5.25,42.61,71.5
Robby,rosso,26,3.94,33.63,68.49
Robby,rosso,23,3.78,27.75,73.76
Robby,viola,29,4.72,29.17,64.18
Robby,blu,23,4.31,26.69,67.46
Robby,viola,29,4.55,29.19,69.19
Robby,blu,23,4.74,31.91,67.43
Robby,blu,24,4.33,28.31,71.78
Robby,rosso,27,4.4,41.68,71.13
Robby,viola,23,4.44,20.8,72.69
Robby,rosso,24,48,34.42,71.79
Robby,blu,23,3.36,36.26,70.97
Robby,blu,21,4.53,34.31,65.47
Robby,blu,29,5.71,37.52,72.61
Robby,rosso,29,4.23,28.44,70.17
Robby,blu,29,4.21,18.8,73.85
Robby,rosso,22,3.89,36.82,65.63
Robby,rosso,26,4.14,42.76,73.72
Robby,blu,27,3.96,21.31,66.62
Robby,viola,23,4.12,42.11,65.44
Robby,blu,26,3.82,261,75.32
Robby,blu,23,4.87,31.93,72.52
Robby,viola,25,4.35,29.31,692
Robby,viola,25,4.73,34.25,73.62
Robby,viola,23,4.1,26.61,73.11
Robby,rosso,24,4.65,21.61,67.41
Robby,viola,21,54,30.91,74.58
Robby,rosso,24,46,32.68,65.81
Robby,viola,23,57,36.7,68.42
Robby,viola,23,5.18,282,75.37
Robby,viola,27,4.77,29.98,66.67
Robby,rosso,23,3.98,42.13,69.42
Robby,viola,28,4.34,38.43,74.81
Robby,rosso,23,4.72,34.93,68.71
Robby,blu,24,4.31,39.24,
Robby,blu,29,5.95,22.67,71.51
Robby,blu,29,4.34,32.64,70.23
Robby,rosso,24,4.41,35.25,66.22
Robby,rosso,29,4.91,26.9,70.83
Robby,viola,24,4.44,23.96,64.55
Robby,viola,26,3.85,34.95,71.64
Robby,viola,24,4.42,35.53,73.16
Robby,viola,27,3.92,24.71,689
Robby,rosso,28,3.55,35.25,69.8
Robby,blu,26,4.25,25.4,66.43
Robby,viola,20,4.53,38.84,73.99
Robby,viola,20,3.75,36.7,72.78
Robby,blu,23,5.2,26.21,68.8
Robby,rosso,25,3.82,31.99,71.42
Robby,rosso,29,4.32,32.81,65.95
Robby,rosso,28,5.18,24.45,69.18
Robby,rosso,28,4.13,30.79,63.54
Robby,blu,26,4.46,33.83,73.85
Robby,viola,22,3.58,30.18,65.55
Robby,rosso,27,4.44,43.68,71.29
Robby,blu,22,4.71,38.27,71.9
Robby,viola,22,4.89,31.93,70.73
Robby,viola,26,4.54,30.88,70.98
Robby,rosso,24,4.53,22.35,73.17
Robby,rosso,22,3.69,38.7,68.44
Robby,viola,29,5.1,26.89,68.94
Robby,blu,28,4.38,294,71.84
Robby,viola,23,4.17,35.27,73.44
Robby,blu,26,4.28,25.91,71.31
Robby,blu,21,5.3,28.8,65.17
Robby,rosso,23,3.7,34.82,71.33
Robby,viola,27,3.66,31.72,69.88
Robby,viola,27,4.75,20.92,70.43
Robby,viola,24,4.57,32.49,67.52
Robby,blu,23,4.59,28.45,70.13
Robby,rosso,24,5.31,27.52,728
Robby,blu,26,4.62,42.62,70.57
Robby,viola,27,4.43,29.71,71.49
Robby,blu,22,5.2,35.38,66.37
Robby,blu,26,4.15,42.77,68.94
Robby,rosso,27,4.14,319,70.45
Robby,viola,27,5.27,27.67,66.4
Robby,blu,27,3.89,35.4,69.31
Robby,blu,20,4.4,32.91,70.52
Robby,viola,20,4.35,33.5,71.2
Robby,viola,24,3.59,47.59,731
Robby,blu,25,4.75,39.53,72.44
Robby,rosso,23,4.38,373,73.77
Robby,blu,21,4.81,40.88,74.68
Robby,blu,21,5.73,316,668
Robby,blu,27,4.87,32.51,70.8
Robby,rosso,20,5.42,23.75,72.98
Robby,rosso,21,4.55,30.81,67.6
Robby,rosso,28,4.94,31.78,75.17
Robby,rosso,25,5.2,35.7,69.24
Robby,viola,25,51,33.82,68.47
Robby,blu,27,4.65,35.29,75.93
Robby,rosso,22,4.94,38.15,68.91
Robby,rosso,26,4.33,369,70.82
Robby,viola,28,4.61,34.53,67.45
Robby,blu,22,4.93,26.98,70.82
Robby,rosso,29,4.46,43.93,69.16
Robby,blu,20,4.17,27.13,74.42
Robby,blu,29,4.36,34.6,717
Robby,viola,24,4.58,19.28,65.71
Robby,rosso,28,59,30.88,72.1
Robby,viola,27,4.38,40.39,63.65
Robby,blu,26,4.85,46.75,68.37
Robby,blu,22,3.99,35.93,717
Robby,rosso,28,4.7,39.49,73.74
Robby,blu,20,4.5,19.7,77.53
Robby,blu,20,5.42,30.54,68.41
Robby,blu,27,4.39,29.87,735
Robby,viola,21,3.84,29.52,70.68
Robby,blu,29,4.19,363,76.21
Robby,viola,26,4.82,34.72,66.65
Robby,blu,27,42,28.46,71.37
Robby,rosso,25,4.49,34.98,80.26
Robby,blu,25,3.78,34.79,67.51
Robby,viola,27,4.54,356,70.32
Robby,rosso,25,4.43,40.3,67.29
Robby,rosso,20,4.27,35.81,68.94
Robby,blu,26,3.79,39.8,73.96
Robby,rosso,26,3.86,342,69.59
Robby,rosso,20,3.93,37.27,71.15
Robby,rosso,29,4.96,38.89,74.73
Robby,blu,27,4.11,36.1,70.27
Robby,rosso,29,5.48,29.89,64.64
Robby,rosso,29,4.7,36.85,70.96
Robby,blu,27,5.27,39.43,70.92
Robby,rosso,22,4.59,32.97,73.41
Robby,viola,29,4.55,35.48,68.47
Robby,blu,23,3.84,29.86,71.51
Robby,viola,22,4.55,29.41,68.38
Robby,rosso,27,4.53,33.12,68.1
Robby,viola,23,5.1,18.88,64.95

Simmy,viola,20,3.87,14.77,73.22
Simmy,viola,27,3.15,28.19,88.44
Simmy,viola,25,4.35,125,76.74
Simmy,blu,20,3.76,9.9,81.37
Simmy,blu,28,2.86,19.87,84.65
Simmy,viola,24,3.14,13.12,81.13
Simmy,blu,21,3.11,11.97,86.72
Simmy,rosso,21,3.97,26.51,623
Simmy,blu,20,3.22,24.74,68.19
Simmy,blu,27,32,18.94,87.42
Simmy,blu,27,3.72,12.75,80.61
Simmy,blu,25,3.26,,84.69
Simmy,rosso,28,2.97,22.91,989
Simmy,viola,25,39,13.17,75.86
Simmy,viola,26,3.44,15.42,80.75
Simmy,viola,21,2.5,17,102.19
Simmy,viola,23,3.12,12.13,96.34
Simmy,blu,26,3.53,165,112.97
Simmy,viola,23,3.6,18.81,1011
Simmy,rosso,20,34,16.55,77.28
Simmy,rosso,24,3.71,15.54,95.74
Simmy,blu,28,3.19,14.88,86.47
Simmy,blu,21,3.36,15.64,74.47
Simmy,viola,28,3.35,15.85,87
Simmy,viola,24,2.77,18.18,104.8
Simmy,rosso,28,3.26,19.94,77.11
Simmy,rosso,20,3.85,22.13,76.35
Simmy,rosso,25,3.57,16.55,101.9
Simmy,viola,21,4.38,19.83,73.43
Simmy,viola,23,3.46,15.39,76.81
Simmy,rosso,24,2.99,261,91.96
Simmy,rosso,24,3.28,17.27,788
Simmy,rosso,29,4.15,161,91.87
Simmy,blu,20,3.29,18.35,77.76
Simmy,viola,26,3.46,22.58,87.33
Simmy,blu,20,3.14,148,72.77
Simmy,rosso,27,3.67,18.8,67.99
Simmy,rosso,22,2.65,13.85,61.28
Simmy,blu,,3.36,18.41,937
Simmy,blu,28,3.8,18.69,77.29
Simmy,rosso,25,4.55,17.93,80
Simmy,viola,24,3.56,15.6,78.81
Simmy,blu,24,3.91,10.84,99.31
Simmy,rosso,21,3.58,16.62,104.36
Simmy,blu,23,3.74,19.49,856
Simmy,viola,22,4.46,17.37,64.93
Simmy,rosso,27,2.58,12.59,98.34
Simmy,blu,21,3.56,14.41,89.15
Simmy,viola,28,2.38,20.85,97.36
Simmy,blu,29,2.84,27.4,68.55
Simmy,viola,20,3.68,12.43,93.81
Simmy,viola,24,4.19,19.66,88.56
Simmy,blu,27,3.17,23.36,74.51
Simmy,rosso,22,3.38,14.31,85.61
Simmy,blu,25,3.65,18.59,89.62
Simmy,rosso,23,2.93,14.93,96.36
Simmy,viola,26,2.66,13.38,70.95
Simmy,rosso,24,3.26,10.67,67.72
Simmy,blu,24,3.76,23.46,83.51
Simmy,blu,20,34,17.57,83.66
Simmy,rosso,29,41,11.57,80.55
Simmy,rosso,20,3.47,14.65,927
Simmy,viola,29,4.59,11.14,76.43
Simmy,blu,29,4.23,21.69,98.42
Simmy,viola,21,3.64,18.89,101.62
Simmy,rosso,23,4.18,18.65,77.3
Simmy,blu,23,3.37,12.54,79.38
Simmy,viola,23,3.17,14.8,80.41
Simmy,rosso,29,3.53,22.5,74.47
Simmy,rosso,27,3.15,21.47,80.25
Simmy,viola,24,4.42,15.53,107.35
Simmy,blu,25,3.83,16.29,56.36
Simmy,blu,27,3.43,16.68,90.53
Simmy,viola,21,2.22,20.8,71.21
Simmy,blu,23,3.3,18.16,62.27
Simmy,blu,28,3.87,10.67,94.55
Simmy,viola,23,3.42,14.88,86.18
Simmy,rosso,26,3.53,24.83,79.6
Simmy,viola,28,3.3,18.97,64.49
Simmy,viola,24,3.39,,86.97
Simmy,viola,28,2.45,21.29,86.87
Simmy,rosso,21,3.28,21.91,81.56
Simmy,blu,28,3.2,141,85.76
Simmy,blu,28,3.46,16.88,63.38
Simmy,blu,24,4.38,19.3,834
Simmy,blu,25,42,16.56,94.49
Simmy,blu,27,3.45,19.27,89.95
Simmy,viola,26,4.12,169,80.33
Simmy,blu,20,3.5,20.13,79.28
Simmy,rosso,25,3.55,20.33,918
Simmy,viola,23,32,15.12,87.96
Simmy,rosso,23,3.84,21.64,96.72
Simmy,blu,27,3.84,11.75,913
Simmy,blu,23,3.64,9.18,93.85
Simmy,blu,28,3.7,10.31,84.89
Simmy,blu,27,3.34,17.46,80.56
Simmy,viola,29,3.67,20.65,80.58
Simmy,blu,29,4.14,14.54,80.44
Simmy,blu,20,3.21,14.21,896
Simmy,rosso,22,2.34,25.49,72.14
Simmy,viola,24,4.73,21.31,872
Simmy,blu,21,3.31,9.66,79.84
Simmy,blu,21,3.97,15.66,99.9
Simmy,viola,25,2.92,15.82,88.98
Simmy,rosso,20,3.32,20.99,96
Simmy,rosso,26,3.7,10.52,88.29
Simmy,viola,23,4.1,255,86.1
Simmy,viola,23,2.65,23.39,90.2
Simmy,rosso,27,4.74,20.34,1084
Simmy,rosso,25,3.24,207,81.5
Simmy,blu,28,3.63,22.18,108.54
Simmy,blu,28,3.32,20.38,82.88
Simmy,rosso,26,2.66,18.75,753
Simmy,blu,22,3.1,166,87.62
Simmy,blu,23,3.7,121,949
Simmy,viola,24,3.61,13.7,102.81
Simmy,blu,25,3.17,18.51,99.84
Simmy,blu,23,3.72,20.8,76.47
Simmy,blu,25,43,16.38,75.39
Simmy,rosso,24,2.77,13.9,79.65
Simmy,blu,28,3.38,24.26,89.85
Simmy,viola,29,2.2,13.41,61.83
Simmy,rosso,29,2.46,153,95.24
Simmy,rosso,26,3.56,11.46,93.73
Simmy,rosso,29,3.23,112,74.24
Simmy,rosso,28,3.88,15.3,93.89
Simmy,rosso,24,3.29,17.94,90.92
Simmy,viola,28,3.8,14.91,103.21
Simmy,viola,22,3.6,25.71,777
Simmy,blu,26,3.37,21.5,95.32
Simmy,blu,23,2.96,15.65,77.13
Simmy,rosso,23,2.98,71,101.66
Simmy,viola,26,2.94,21.52,74.91
Simmy,viola,20,3.77,19.57,98.81
Simmy,viola,26,3.77,16.29,64.24
Simmy,blu,20,3.35,11.67,79.36
Simmy,viola,26,3.89,24.8,96.65
Simmy,rosso,22,3.53,20.53,75.45
Simmy,viola,22,3.32,29.19,92.34
Simmy,blu,24,2.21,14.66,79.21
Simmy,viola,22,3.93,13.61,81
Simmy,rosso,28,4.17,21.39,87.23
Simmy,blu,28,2.87,11.99,78.65
Simmy,rosso,20,4.14,16.61,72.33
Simmy,viola,29,3.23,15.78,87.25
Simmy,viola,23,3.43,22.63,95.28
Simmy,rosso,28,47,15.95,93.14
Simmy,rosso,28,3.86,14.14,76.2
Simmy,viola,23,2.38,16.92,88.3
Simmy,rosso,22,3.82,11.65,90.62
Simmy,viola,29,3.91,10.41,97.87
Simmy,blu,29,3.42,12.48,79.38
Simmy,viola,20,3.46,16.83,93.59
Simmy,blu,26,3.49,23.19,74.38
Simmy,viola,28,3.39,14.87,
Simmy,rosso,28,34,23.59,80.66
Simmy,blu,21,4.1,204,106.66
Simmy,blu,27,3.58,22.39,1049
Simmy,blu,29,3.6,16.55,78.24
Simmy,blu,22,3.57,18.51,67.41
Simmy,blu,23,2.97,19.73,77.47
Simmy,rosso,25,4.68,13.12,80.25
Simmy,viola,25,4.32,22.51,108.54
Simmy,rosso,25,3.36,13.57,73.61
Simmy,blu,27,3.13,23.81,89.67
Simmy,rosso,27,3.39,12.79,85.83
Simmy,viola,27,3.12,17.36,85.22
Simmy,viola,27,34,18.72,95.56
Simmy,viola,27,3.56,19.87,91.14
Simmy,rosso,28,3.61,17.36,69.89
Simmy,blu,26,3.56,204,72.62
Simmy,viola,20,3.48,12.3,85.11
Simmy,blu,21,3.72,23.62,91.3
Simmy,blu,29,3.25,13.78,85.46
Simmy,blu,29,3.45,178,84.58
Simmy,blu,26,3.16,14.16,91.27
Simmy,rosso,27,4.33,20.24,87.26
Simmy,blu,22,3.87,16.95,86.95
Simmy,rosso,22,3.91,9.94,75.13
Simmy,rosso,24,3.83,10.57,89.69
Simmy,blu,21,3.87,20.41,85.15
Simmy,blu,21,3.99,14.36,77.87
Simmy,rosso,20,2.29,16.18,90.89
Simmy,viola,25,32,20.3,88.21
Simmy,blu,20,3.65,12.58,87.25
Simmy,rosso,21,4.28,19.39,763
Simmy,blu,28,3.21,17.12,98.97
Simmy,viola,24,49,19.79,89.62
Simmy,rosso,23,38,19.69,84.69
Simmy,blu,20,2.94,20.43,52.16
Simmy,blu,23,2.55,228,83.13
Simmy,rosso,28,3.48,27.99,90.62
Simmy,blu,23,3.11,12.81,85.53
Simmy,rosso,26,3.47,17.18,87.1
Simmy,rosso,24,3.72,17.14,67.2
Simmy,rosso,23,3.42,152,84.68
Simmy,rosso,26,4.13,16.38,102.92
Simmy,blu,25,3.75,21.13,78.24
Simmy,viola,22,3.94,20.87,86.7
Simmy,blu,25,3.59,18.45,77.49
Simmy,rosso,29,3.63,17.11,864
Simmy,viola,29,3.12,15.56,93.76
Simmy,blu,24,4.27,6,702
Simmy,viola,27,2.97,21.92,85.79
Simmy,blu,26,2.95,21.34,81.41
Simmy,rosso,24,3.57,20.14,80.27
Simmy,viola,22,2.41,17.38,75.3
Simmy,blu,28,3.61,20.13,74.47
Simmy,rosso,29,2.9,16.38,79.71
Simmy,blu,29,45,19.89,81.81
Simmy,rosso,26,3.32,21.72,70.51
Simmy,rosso,26,3.84,19.36,84.89
Simmy,rosso,20,3.46,19.36,911
Simmy,blu,29,4.21,17.91,68.12
Simmy,rosso,24,2.77,7.15,78.63
Simmy,viola,25,3.61,17.56,100.53
Simmy,viola,25,3.28,17.6,73.24
Simmy,blu,24,2.97,22.79,955
Simmy,blu,27,3.44,13.69,87.75
Simmy,viola,22,4.21,24.36,83.89
Simmy,blu,22,2.92,15.25,108.39
Simmy,rosso,20,48,172,87.5
Simmy,viola,21,3.9,175,73.27
Simmy,blu,26,2.94,15.6,80.82
Simmy,rosso,21,3.44,4.98,97.52
Simmy,viola,28,2.51,143,887
Simmy,viola,28,3.22,15.87,69.57
Simmy,rosso,25,4.46,22.3,96.85
Simmy,rosso,22,3.68,,109.25
Simmy,blu,29,3.56,13.62,97.5
Simmy,blu,25,4.63,10.84,81.5
Simmy,rosso,22,4.15,174,75.39
Simmy,viola,23,3.72,18.45,93.85
Simmy,blu,26,3.82,14.12,83.11
Simmy,rosso,21,3.62,15.8,85.99
Simmy,blu,25,3.47,19.8,71.9
Simmy,viola,29,3.6,13.59,87.77
Simmy,viola,24,2.9,16.54,83.56
Simmy,rosso,27,2.62,13.83,83.56
Simmy,rosso,29,32,12.51,102.94
Simmy,rosso,20,2.79,14.89,77.49
Simmy,blu,24,4,13.31,89.61
Simmy,blu,20,3.29,21.63,91.6
Simmy,rosso,23,55,17.16,81.55
Simmy,rosso,22,3.32,16.21,81.45
Simmy,viola,21,3.61,16.32,89.48
Simmy,rosso,22,4.28,21.11,72.1
Simmy,blu,23,3.13,19.59,90.32
Simmy,rosso,24,3.53,26.66,70.72
Simmy,viola,22,2.89,18.91,94.27
Simmy,viola,23,4.46,15.34,98.51
Simmy,rosso,25,3.63,28.86,67.93
Simmy,rosso,22,4.25,19.33,858
Simmy,blu,20,3.48,19.92,100.55
Simmy,viola,22,3.27,9.98,81.26
Simmy,blu,23,3.7,202,694
Simmy,viola,22,4.18,16.48,95.64
Simmy,rosso,28,3.28,20.2,82.83
Simmy,rosso,22,3.62,13.68,90.78
Simmy,blu,21,4.29,16.13,100.72
Simmy,viola,28,4.25,14.79,83.14
Simmy,blu,22,3.5,15.96,84.72
Simmy,rosso,27,3.53,17.76,97.78
Simmy,viola,25,4.29,20.85,65.63
Simmy,blu,25,3.55,173,93.38
Simmy,viola,29,2.21,15.97,96.74
Simmy,blu,20,3.35,8,82.9
Simmy,viola,26,3.78,14.42,79.59
Simmy,rosso,23,43,17.73,89.93
Simmy,rosso,28,2.95,187,86.81
Simmy,rosso,23,4.76,24.2,79.59
Simmy,blu,21,3.58,13.52,84.78
Simmy,blu,21,3.18,135,69
Simmy,viola,21,34,208,65.27
Simmy,blu,29,3.33,9.8,81.26
Simmy,rosso,23,2.79,25.43,777
Simmy,viola,26,3.92,17.31,66.42
Simmy,viola,28,3.6,20.9,52.9
Simmy,viola,29,3.8,15.17,877
Simmy,rosso,23,4.36,18.61,65.63
Simmy,rosso,23,3.95,152,87.78
Simmy,viola,25,3.23,194,100.53
Simmy,viola,24,3.78,20.19,117.45
Simmy,blu,23,46,256,69.34
Simmy,rosso,23,3.19,14.83,73.68
Simmy,viola,21,3.22,21.9,90.37
Simmy,rosso,22,3.52,15.82,60.52
Simmy,viola,20,3.24,13.5,84.32
Simmy,blu,22,2.52,23.97,78.45
Simmy,viola,20,3.69,21.97,87.44
Simmy,blu,29,3.48,15.16,1002
Simmy,rosso,23,3.29,15.93,84.9
Simmy,rosso,23,3.23,18.98,102.12
Simmy,blu,29,4.11,217,75.9
Simmy,viola,24,3.73,12.96,82.61
Simmy,blu,25,3.23,16.34,89.26
Simmy,viola,20,3.69,21.89,95.3
Simmy,blu,28,3.57,13.51,769
Simmy,viola,28,3.59,22.45,89.58
Simmy,blu,27,2.83,19.95,94.82
Simmy,viola,26,3.14,11.32,93.97
Simmy,viola,25,3.28,12.99,65.63
Simmy,viola,20,38,9.46,86.95
Simmy,rosso,21,3.27,16.45,81.48
Simmy,rosso,23,2.61,16.6,76.36
Simmy,rosso,29,3.31,26.32,94.91
Simmy,viola,25,3.83,19.46,921
Simmy,blu,24,3.29,14.35,68.87
Simmy,viola,26,3.63,19.83,59.64
Simmy,viola,22,4.2,21.19,89.69
Simmy,viola,27,33,12.43,93.48
Simmy,rosso,29,2.59,16.9,81.22
Simmy,rosso,24,3.71,16.23,110.9
Simmy,rosso,21,3.84,171,70.98
Simmy,viola,28,2.65,13.78,85.34
Simmy,blu,23,3.68,18.76,73.63
Simmy,blu,28,3.32,22.84,93.53
Simmy,viola,29,4.18,15.16,87.68
Simmy,viola,23,3.93,9.56,106.75
Simmy,rosso,23,3.73,13.67,92.19
Simmy,viola,28,3.78,19.43,81.51
Simmy,rosso,26,2.88,11.68,54.19
Simmy,rosso,22,3.1,24.1,102.78
Simmy,rosso,28,3.5,13.71,99.74
Simmy,viola,23,2.98,22.85,82.67
Simmy,blu,23,3.52,21.29,99.75
Simmy,rosso,26,3.41,129,81.44
Simmy,blu,20,4.24,19.46,85.54
Simmy,viola,26,4.64,21.79,77.92
Simmy,viola,24,3.6,13.91,1023
Simmy,blu,28,3.81,20.65,86.95
Simmy,blu,23,4,11.45,102.17
Simmy,rosso,23,3.23,13.4,82.25
Simmy,rosso,29,3.38,15.73,86.79
Simmy,viola,23,3.88,19.6,82.7
Simmy,blu,20,3.63,18.94,76.42
Simmy,viola,23,2.92,12.84,95.78
Simmy,viola,20,3.25,11.5,60.18
Simmy,rosso,22,3.46,18.19,96.15
Simmy,blu,25,3.6,13.47,1032
Simmy,blu,20,3.53,18.43,94.49
Simmy,blu,20,41,16.45,71.28
Simmy,blu,24,2.8,13.66,78.69
Simmy,blu,20,3.3,221,98.16
Simmy,rosso,23,3.19,201,84.32
Simmy,viola,25,4.25,18.71,84.95
Simmy,rosso,28,3.5,25.57,79.84
Simmy,viola,28,3.17,16.12,82.45
Simmy,rosso,23,3.5,155,102.52
Simmy,viola,26,2.97,13.21,89.46
Simmy,blu,27,3.6,13.3,88.41
Simmy,blu,25,3.57,14.65,79.11
Simmy,viola,21,3.1,23.77,75.54
Simmy,viola,29,3.21,19.68,94.36
Simmy,rosso,26,2.54,18.54,98.79
Simmy,viola,24,3.87,18.29,85.12
Simmy,rosso,20,2.92,112,88.72
Simmy,blu,27,4.37,21.56,86.57
Simmy,rosso,28,3.51,146,917
Simmy,blu,22,2.96,17.95,79.45
Simmy,viola,27,2.63,19.23,79.22
Simmy,viola,29,3.66,25.84,88.58
Simmy,rosso,24,35,19.42,100.18
Simmy,rosso,29,3.56,18.6,77.43
Simmy,blu,24,4.15,16.42,85.33
Simmy,viola,23,3.48,17.22,83.43
Simmy,rosso,20,3.29,21.63,82.25
Simmy,rosso,27,2.98,16.9,74.32
Simmy,viola,23,3.14,215,841
Simmy,rosso,29,3.53,16.65,80.6
Simmy,blu,29,4.27,178,81.39
Simmy,blu,24,2.78,21.38,98.69
Simmy,blu,21,3.24,12.52,98.59
Simmy,viola,29,3.37,20.39,88.27
Simmy,rosso,27,3.84,16.75,793
Simmy,rosso,28,3.66,28.7,79.34
Simmy,viola,26,31,21.95,74.95
Simmy,rosso,25,3.89,19.64,87.43
Simmy,rosso,29,3.71,3.17,90.21
Simmy,viola,26,3.39,15.35,71.62
Simmy,viola,20,3.68,14.96,67.53
Simmy,blu,26,47,16.25,90.47
Simmy,rosso,29,3.39,12.53,85.74
Simmy,viola,21,4.67,16.88,82.34
Simmy,rosso,28,32,15.72,95.16
Simmy,viola,24,46,23.61,94.72
Simmy,rosso,29,4.44,19.94,89.21
Simmy,rosso,24,2.99,17.65,85.75
Simmy,rosso,20,3.75,17.99,75.97
Simmy,viola,22,3.76,22.95,86.13
Simmy,rosso,28,2.65,11.82,83.14
Simmy,viola,28,2.54,17.58,84.79
Simmy,blu,20,4.25,17.1,95.27
Simmy,rosso,29,4.13,23.34,86.75
Simmy,blu,27,3.29,27.4,110.87
Simmy,rosso,28,3.55,17.36,93.87
Simmy,blu,24,2.83,24.95,106.82
Simmy,viola,23,3.47,18.22,113.86
Simmy,blu,22,36,15.2,68.16
Simmy,blu,29,48,19.83,87.73
Simmy,viola,23,3.33,20.71,78.95
Simmy,blu,21,3.23,23.43,80.19
Simmy,viola,28,3.58,12.48,61.88
Simmy,rosso,24,2.7,129,83.96
Simmy,blu,20,4.94,19.77,65.39
Simmy,blu,21,3.48,17.95,67.54
Simmy,blu,20,3.11,14.97,102.26
Simmy,blu,24,2.61,19.29,78.39
Simmy,rosso,20,3.58,16.62,70.59
Simmy,blu,22,3.79,20.7,82.17
Simmy,viola,23,3.26,20.65,1033
Simmy,rosso,25,3.54,16.71,66.73
Simmy,blu,26,3.47,27.36,82.28
Simmy,viola,22,4.45,17.96,96
Simmy,blu,29,2.98,23.33,97.79
Simmy,rosso,22,3.62,194,67.92
Simmy,rosso,26,3.68,16.8,71.17
Simmy,viola,27,3.47,11.94,92.76
Simmy,blu,25,3.93,16.98,84.4
Simmy,blu,20,4.11,16.75,105.4
Simmy,viola,26,3.97,18.27,87.17
Simmy,blu,27,2.52,15.79,98.53
Simmy,rosso,21,3.44,18.67,111.31
Simmy,,20,3.26,18.85,96.48
Simmy,viola,22,43,20.98,81.12
Simmy,blu,23,3.36,173,64.71
Simmy,blu,22,3.75,22.36,91.47
Simmy,viola,20,31,14.71,89.34
Simmy,viola,24,3.95,26.55,102.27
Simmy,rosso,26,4.73,17.88,79.97
Simmy,rosso,29,3.48,16.25,89.27
Simmy,blu,25,3.84,14.9,86.18
Simmy,blu,23,3.56,16.55,91.69
Simmy,blu,26,48,15.5,1092
Simmy,blu,22,3.87,11.79,84.69
Simmy,viola,22,2.8,21.42,82.48
Simmy,blu,24,3.7,18.31,95.45
Simmy,viola,26,3.64,12.33,78.25
Simmy,rosso,28,3.7,16.71,96.19
Simmy,rosso,26,3.28,13.27,82.34
Simmy,rosso,29,3.1,15.19,79.47
Simmy,viola,29,47,194,93.57
Simmy,viola,26,3.77,17.72,107.27
Simmy,blu,24,3.56,19.63,84.63
Simmy,rosso,21,3.78,20.92,92.42
Simmy,rosso,26,2.93,17.17,72.23
Simmy,rosso,29,3.41,24.68,737
Simmy,rosso,29,3.22,17.46,82.72
Simmy,blu,29,3.45,21.63,86.66
Simmy,viola,20,3.77,14.27,89.79
Simmy,viola,23,4.48,15.73,73.34
Simmy,rosso,26,2.58,23.19,72.37
Simmy,viola,29,2.61,17.59,85.5
Simmy,viola,22,3.25,19.52,83.27
Simmy,blu,25,3.31,17.6,86.11
Simmy,blu,24,3.41,179,78.79
Simmy,blu,29,4.17,17.23,110.91
Simmy,rosso,26,2.7,14.36,81.87
Simmy,blu,26,3.3,15.73,82.19
Simmy,viola,20,2.94,12.99,75.44
Simmy,viola,28,34,13.5,91.43
Simmy,rosso,25,3.71,16.86,72.92
Simmy,rosso,25,3.18,20.8,766
Simmy,blu,26,3.78,15.73,92.31
Simmy,blu,22,3.6,18.58,68.3
Simmy,viola,28,3.25,12.9,93.8
Simmy,rosso,21,3.5,11.46,89.76
Simmy,blu,22,4.44,24.7,85.54
Simmy,rosso,23,3.4,11.67,90.64
Simmy,viola,28,3.46,17.67,76.14
Simmy,rosso,21,3.27,25.2,69.57
Simmy,rosso,23,3.83,24.53,87.62
Simmy,blu,20,3.8,18.92,89.43
Simmy,rosso,22,3.67,20.43,68.34
Simmy,blu,24,3.29,13.28,70.38
Simmy,blu,23,3.76,16.13,80.13
Simmy,blu,23,3.22,18.79,72.81
Simmy,rosso,25,35,20.98,80.92
Simmy,blu,21,3.32,235,75.31
Simmy,blu,22,3.79,20.34,83.39
Simmy,rosso,22,3.63,17.78,97.35
Simmy,viola,22,2.91,18.53,99.6
Simmy,rosso,20,2.13,16.91,73.29
Simmy,viola,21,2.84,14.4,83.89
Simmy,blu,22,3.84,16,68.46
Simmy,rosso,20,3.6,16.88,85
Simmy,rosso,27,3.93,25.37,95.3
Simmy,blu,25,2.39,18.15,85.92
Simmy,blu,26,2.74,15.1,101.71
Simmy,viola,28,2.27,21.88,67.56
Simmy,blu,26,3.48,19.54,84.73
Simmy,viola,25,3.8,15.15,93.84
Simmy,blu,21,4.38,22.93,64.83
Simmy,viola,24,3.58,19.71,67.23
Simmy,rosso,22,2.86,23.39,1039
Simmy,viola,27,3.23,20.26,100.6
Simmy,blu,26,3.69,20.42,90.46
Simmy,rosso,27,3.26,21.86,97.37
Simmy,blu,27,3.92,17.78,83.77
Simmy,rosso,24,3.32,16.76,104.14
Simmy,viola,27,3.75,16.46,80.1
Simmy,viola,21,3.16,12.64,77.97
Simmy,viola,29,35,20.34,76.17
Simmy,rosso,20,3.96,18.64,74.4
Simmy,rosso,22,3.58,17.6,104.74
Simmy,rosso,22,3.55,154,84.93
Simmy,viola,27,2.84,16.54,84.47
Simmy,viola,28,3.9,20.16,72.92
Simmy,viola,25,3.25,20.67,73.97
Simmy,blu,28,3.47,24.47,76.49
Simmy,viola,21,3.49,22.51,72.44
Simmy,viola,23,3.17,15.96,92.97
Simmy,viola,29,3.69,22.84,92.4
Simmy,blu,23,3.69,22.99,59.45
Simmy,blu,22,3.81,17.6,96.25
Simmy,rosso,28,3.98,173,106.66
Simmy,rosso,20,4.42,23.41,92.7
Simmy,rosso,24,3.72,15.8,102.13
Simmy,rosso,20,3.42,23.7,86.25
Simmy,viola,24,3.24,20.79,87.78
Simmy,viola,28,3.13,8.33,88.32
Simmy,blu,29,3.3,18.19,79.92
Simmy,rosso,29,3.66,18.49,86.79
Simmy,viola,21,3.77,15.49,70.16
Simmy,viola,27,3.79,19.25,78.6
Simmy,rosso,28,3.78,13.34,96.67
Simmy,blu,25,4.85,12.73,78.67
Simmy,blu,29,2.89,16.85,84.17
Simmy,blu,28,3.78,92,82.15
Simmy,viola,29,4.16,14.27,79.76
Simmy,rosso,22,3.63,15.68,90.76
Simmy,rosso,22,4.19,11.11,81
Simmy,viola,23,3.25,19.98,85.69
Simmy,rosso,20,3.17,23.55,82.6
Simmy,rosso,26,38,14.88,975
Simmy,blu,24,3.94,23.58,55.92
Simmy,blu,28,3.13,15.13,83.85
Simmy,blu,21,3.36,24.39,86.88
Simmy,rosso,26,3.76,18.33,867
Simmy,viola,28,2.85,20.7,70.59
Simmy,blu,28,2.84,13.76,91.71
Simmy,blu,20,3.78,19.86,94.81
Simmy,blu,26,34,18.74,86.49
Simmy,blu,25,2.87,14.78,54.3
Simmy,viola,27,4.77,16.49,84.23
Simmy,viola,24,3.24,18.88,97.26
Simmy,rosso,25,3.27,15,79.57
Simmy,rosso,28,46,12.52,102.25
Simmy,rosso,20,3.37,20.51,93.82
Simmy,blu,20,2.9,16.52,80.98
Simmy,rosso,24,3.48,109,776
Simmy,rosso,25,39,17.45,77.91
Simmy,blu,26,32,21.61,83.37
Simmy,rosso,29,3.1,14.92,84.58
Simmy,rosso,25,2.97,22.73,102.93
Simmy,viola,22,3.81,18.85,75.83
Simmy,rosso,24,2.86,19.67,85.11
Simmy,viola,24,45,19.65,70.38
Simmy,blu,24,3.34,11.45,68.1
Simmy,rosso,27,3.77,27.94,98
Simmy,rosso,27,2.92,21.65,1008
Simmy,rosso,25,3.8,8.52,89.62
Simmy,rosso,25,3.54,18.21,77.56
Simmy,blu,29,2.91,14.96,84.66
Simmy,viola,29,3.36,21.68,91.1
Simmy,blu,25,3.25,14.94,81.95
Simmy,blu,21,2.74,15.7,752
Simmy,blu,28,44,17.51,106.82
Simmy,blu,25,3.46,12.45,84.22
Simmy,blu,28,3.75,20.28,92.67
Simmy,viola,26,2.68,17.53,71.79
Simmy,rosso,29,36,17.33,83.14
Simmy,viola,29,3.5,15.59,92.84
Simmy,rosso,29,34,15.55,77.63
Simmy,rosso,28,3.41,186,96.26
Simmy,rosso,28,3.42,20.4,111.9
Simmy,rosso,26,4.29,9.45,82.41
Simmy,blu,20,2.91,14.31,612
Simmy,blu,21,3.35,21.13,745
Simmy,rosso,29,3.13,14.83,676
Simmy,rosso,28,3.17,122,76.47
Simmy,blu,24,3.72,12.32,65.36
Simmy,blu,23,3.74,141,81.76
Simmy,rosso,29,3.24,16.75,90.51
Simmy,rosso,27,3.62,17.64,108.9
Simmy,blu,26,3.38,24.2,938
Simmy,viola,28,3.9,25.98,109.28
Simmy,viola,23,4.29,18.65,83.34
Simmy,viola,21,2.82,13.99,88.75
Simmy,rosso,26,3.25,20.89,81.2
Simmy,rosso,25,47,12.28,906
Simmy,viola,27,3.64,17.21,73.51
Simmy,viola,24,3.31,12.16,107.62
Simmy,blu,28,3.47,9.47,70.96
Simmy,viola,25,3.2,26.41,96.56
Simmy,viola,20,34,19.11,60.45
Simmy,viola,29,2.31,20.61,97.87
Simmy,blu,26,3.43,15.19,87.79
Simmy,rosso,28,3.49,16.72,108.28
Simmy,viola,29,33,13.93,82.31
Simmy,blu,24,3.4,21.7,72.58
Simmy,viola,27,3.62,7.22,81.59
Simmy,rosso,23,4.39,15.64,61.71
Simmy,viola,22,3.59,11.84,80.95
Simmy,rosso,27,3.21,17.65,75.24
Simmy,viola,22,3.99,15.21,86.81
Simmy,viola,21,3.93,25.72,99.91
Simmy,blu,22,3.39,177,115.22
Simmy,blu,24,3.65,14.74,80.95
Simmy,viola,26,3.88,19.58,93.71
Simmy,viola,21,4.2,12.25,835
Simmy,blu,23,3.52,14.49,98.59
Simmy,blu,23,2.77,14.89,794
Simmy,blu,26,3.69,22.88,90.57
Simmy,viola,26,2.73,123,106.64
Simmy,viola,28,2.9,16.52,84.3
Simmy,blu,21,4.15,14.47,76.98
Simmy,viola,26,4.43,17.29,85.55
Simmy,blu,25,3.91,22.99,112.48
Simmy,rosso,24,3.28,22.29,92.93
Simmy,rosso,27,3.73,18.24,92.91
Simmy,rosso,25,3.32,17.17,77.15
Simmy,blu,22,3.13,118,85.22
Simmy,blu,28,3.88,18.56,68.33
Simmy,rosso,22,3.82,21.93,59.98
Simmy,blu,23,2.9,18.79,100.11
Simmy,blu,26,3.28,21.5,83.37
Simmy,blu,20,4.2,15.66,100.45
Simmy,viola,29,2.77,135,65.81
Simmy,blu,22,3.69,18.67,952
Simmy,blu,29,3.68,246,69.28
Simmy,viola,29,4.12,13.51,87.96
Simmy,viola,22,3.63,21.36,97.45
Simmy,rosso,29,2.99,12.5,81.89
Simmy,blu,26,2.79,14.58,98.22
Simmy,viola,25,3.87,13.96,92.5
Simmy,viola,23,3.73,25.56,91.76
Simmy,blu,26,3.66,19.96,102.94
Simmy,viola,21,3.79,14.94,86.81
Simmy,viola,28,3.69,15.11,101.67
Simmy,viola,23,3.29,17.21,86.74
Simmy,rosso,26,3.77,18.96,72.31
Simmy,viola,21,3.88,19.34,84.41
Simmy,blu,25,3.46,22.47,82.88
Simmy,viola,28,3.63,17.15,75.95
Simmy,blu,24,3.14,16,70.8
Simmy,blu,29,3.12,11.53,91.69
Simmy,blu,26,2.85,20.72,957
Simmy,rosso,25,4.37,11.6,96.72
Simmy,blu,21,3.79,127,88.74
Simmy,blu,27,3.23,18.9,862
Simmy,,23,3.83,19.49,94.4
Simmy,viola,24,3.22,24.43,91.29
Simmy,rosso,20,2.5,20.26,88.99
Simmy,viola,28,3.46,14.15,86.3
Simmy,blu,25,4.21,18.28,73.25
Simmy,rosso,20,3.53,14.12,849
Simmy,blu,23,3.44,19.17,72.55
Simmy,blu,21,3.62,24.75,87.51
Simmy,rosso,22,32,20.5,87.54
Simmy,viola,29,3.1,9.22,77.24
Simmy,blu,20,3.78,19.25,562
Simmy,viola,29,3.28,16.86,77.66
Simmy,viola,28,3.71,13.67,966
Simmy,blu,21,4.67,189,87.1
Simmy,viola,25,43,15.34,100.66
Simmy,viola,22,3.64,16.54,90.76
Simmy,rosso,25,2.63,17.26,82.54
Simmy,rosso,20,3.27,23.31,84.92
Simmy,viola,20,2.96,11.61,91.77
Simmy,blu,29,3.86,17.81,84.7
Simmy,viola,21,4.4,21.81,865
Simmy,viola,20,4.31,7.73,79.59
Simmy,viola,27,3.78,13.11,101.83
Simmy,viola,20,4.28,23.4,90.48
Simmy,blu,26,3.3,5.77,81.28
Simmy,blu,24,3.48,10.68,56.82
Simmy,viola,28,3.71,18.82,72.6
Simmy,rosso,22,38,13.76,74.22
Simmy,rosso,26,3.49,19.84,69.22
Simmy,blu,26,3.5,21.12,87.55
Simmy,blu,20,3.47,16.43,86.3
Simmy,viola,29,4.12,17.27,78.81
Simmy,viola,24,2.75,11.81,86.18
Simmy,blu,21,3.39,14.51,89.22
Simmy,rosso,28,38,12.67,79.14
Simmy,viola,26,4,19.21,939
Simmy,rosso,29,3.72,11.46,89.26
Simmy,rosso,23,2.96,15.45,74.66
Simmy,rosso,22,3.42,14.26,765
Simmy,viola,22,3.41,15.18,78.36
Simmy,viola,21,47,13.77,721
Simmy,,22,3.7,22.31,76.97
Simmy,viola,25,3.98,12.82,84.12
Simmy,blu,27,3.47,22.98,82.68
Simmy,blu,26,43,23.63,80.71
Simmy,rosso,22,3.67,16.89,85.77
Simmy,rosso,22,3.61,22.56,98.13
Simmy,blu,26,36,8.53,70.77
Simmy,blu,29,3.76,23.6,79.39
Simmy,blu,21,3.98,20.22,70.36
Simmy,viola,24,3.48,20.61,75.72
Simmy,viola,22,2.78,15.69,932
Simmy,rosso,21,3.16,14.46,87.19
Simmy,rosso,29,4.26,22.97,618
Simmy,rosso,21,3.8,17.16,105.61
Simmy,rosso,29,3.21,21.17,76.62
Simmy,rosso,24,2.96,10.86,91.57
Simmy,viola,25,2.65,20.82,77.89
Simmy,blu,26,2.64,15.86,857
Simmy,blu,22,3.22,23.31,95.79
Simmy,rosso,29,2.77,14.42,74.52
Simmy,rosso,29,3.91,15.86,96.71
Simmy,blu,27,3.18,21.14,95.93
Simmy,rosso,20,3.34,102,72.6
Simmy,rosso,24,3.49,18.47,62.53
Simmy,blu,22,3.74,18.97,81.38
Simmy,viola,23,48,8.74,87.48
Simmy,blu,23,3.22,19.22,89.16
Simmy,blu,28,3.8,26.45,105.62
Simmy,viola,20,3.33,22.31,84.91
Simmy,blu,29,3.84,18.82,69.73
Simmy,blu,24,2.56,7.39,99.33
Simmy,rosso,24,3.3,12.9,76.72
Simmy,viola,27,2.85,15.12,100.37
Simmy,blu,27,3.47,13.48,88.21
Simmy,viola,29,34,15.33,70.71
Simmy,viola,29,3.22,17.85,79.5
Simmy,viola,21,3.65,25.1,91.92
Simmy,blu,28,3.16,13.44,77.7
Simmy,blu,24,2.71,15.63,87.58
Simmy,blu,24,3.29,14.41,104.24
Simmy,viola,25,3.93,18.2,79.19
Simmy,rosso,24,3.24,147,91.24
Simmy,viola,26,3.21,17.87,100.96
Simmy,viola,28,3.61,10.56,94.6
Simmy,viola,29,3.18,13.9,682
Simmy,blu,20,3.31,86,72.12
Simmy,rosso,22,34,17.95,68.25
Simmy,rosso,26,3.89,16.24,74.78
Simmy,rosso,24,3.17,15.47,83.73
Simmy,viola,26,3.49,14.33,57.59
Simmy,viola,21,2.97,18.32,80
Simmy,rosso,29,3.5,14.91,773
Simmy,rosso,23,3.68,25.31,66.25
Simmy,rosso,29,3.69,21.54,99.67
Simmy,viola,26,3.1,192,72.94
Simmy,rosso,23,3.37,23.93,91.79
Simmy,rosso,26,3.51,19.6,88.21
Simmy,rosso,23,3.38,16.49,100.8
Simmy,rosso,22,4.21,12.15,85.53
Simmy,rosso,25,3.65,20.12,79.27
Simmy,blu,23,3.96,18.47,67.3
Simmy,rosso,24,3.95,18.46,81.15
Simmy,rosso,20,46,274,74.15
Simmy,viola,28,3.49,14.92,91.11
Simmy,blu,24,3.94,19.52,906
Simmy,viola,23,3.2,19.88,856
Simmy,rosso,25,3.51,16.69,996
Simmy,viola,21,3.45,19.29,72.82
Simmy,blu,27,2.8,20.99,93.57
Simmy,,29,3.4,122,82.47
Simmy,viola,24,3.48,18.46,91.88
Simmy,viola,27,3.58,16.69,88.79
Simmy,viola,22,3.95,16.19,102.29
Simmy,blu,24,3.64,131,80.34
Simmy,blu,21,4.45,21.71,88.26
Simmy,viola,23,3.94,14.96,63.24
Simmy,blu,25,39,15.9,84.37
Simmy,viola,28,3.14,137,92.57
Simmy,viola,20,3.98,19.63,91.89
Simmy,viola,28,43,11.13,95.3
Simmy,blu,22,3.34,15.89,1018
Simmy,viola,23,3.38,16.44,93.66
Simmy,blu,26,3.8,10.76,97.26
Simmy,blu,21,3.34,14.56,65.79
Simmy,viola,26,3.15,27.68,88.72
Simmy,blu,24,2.6,14.33,72.42
Simmy,blu,21,2.93,27.18,107.3
Simmy,blu,27,3.33,20.84,785
Simmy,rosso,21,2.93,22,100.97
Simmy,viola,25,3.42,20.51,84.9
Simmy,rosso,28,3.95,21.7,72.85
Simmy,viola,28,4.12,13.82,80.88
Simmy,viola,26,3.6,19.75,979
Simmy,viola,20,33,19.37,94.14
Simmy,rosso,28,2.82,17.18,78.47
Simmy,viola,25,3.88,17.9,90.34
Simmy,viola,29,3.48,18.29,72.22
Simmy,rosso,26,3.31,171,74.21
Simmy,rosso,22,4.28,18.93,82.98
Simmy,rosso,22,3.31,17.63,95.93
Simmy,blu,27,3.52,174,83.18
Simmy,viola,21,3.4,23.69,104.46
Simmy,rosso,26,4.1,86,83.39
Simmy,blu,21,3.9,15.91,96.4
Simmy,blu,27,3.12,12.21,86.15
Simmy,blu,21,3.54,16.14,85.59
Simmy,rosso,25,3.83,15.95,84.13
Simmy,rosso,23,3.41,19.25,75.27
Simmy,viola,26,2.93,23.69,98.85
Simmy,rosso,21,39,14.92,64.63
Simmy,blu,28,2.36,22.74,75.96
Simmy,rosso,21,2.99,14.11,106.8
Simmy,blu,26,3.13,13.45,91.16
Simmy,rosso,20,37,22.68,103.39
Simmy,blu,21,3.99,20.24,100.42
Simmy,viola,25,34,16.14,74.9
Simmy,viola,24,3.64,15.1,83.17
Simmy,rosso,24,3.33,14.85,75.96
Simmy,rosso,28,49,23.31,84.74
Simmy,blu,27,3.26,18.78,776
Simmy,blu,23,4.15,208,75.86
Simmy,rosso,29,4.2,22.85,78.24
Simmy,viola,21,3.99,17.35,81.42
Simmy,blu,21,43,232,96.34
Simmy,viola,21,4.22,20.84,64.92
Simmy,blu,21,3.18,18.18,84.35
Simmy,viola,28,43,23.35,63.46
Simmy,viola,22,3.93,259,79.97
Simmy,viola,22,2.7,14.94,68.77
Simmy,blu,28,3.66,18.38,84.16
Simmy,viola,28,3.49,12.97,78.67
Simmy,viola,27,4.26,23.12,84.55
Simmy,rosso,24,3.32,17.77,102.5
Simmy,rosso,27,4.15,147,76.4
Simmy,viola,26,3.58,16.32,84.38
Simmy,blu,26,3.29,17.33,95.45
Simmy,viola,29,3.39,18.56,94.3
Simmy,viola,21,2.71,16.29,74.9
Simmy,blu,26,41,16.33,84.31
Simmy,blu,20,3.66,18.76,72.69
Simmy,rosso,25,3.52,14.74,74.64
Simmy,viola,27,2.76,159,70.63
Simmy,blu,22,3.26,17.51,67.66
Simmy,blu,25,3.87,21.47,72.66
Simmy,viola,23,3.57,18.34,77.8
Simmy,rosso,29,3.55,25.48,73.55
Simmy,rosso,21,3.59,16.31,96
Simmy,blu,23,3.25,152,60.59
Simmy,blu,20,37,20.11,86.45
Simmy,blu,22,3.53,18.24,95.11
Simmy,rosso,27,3.57,18.73,96.45
Simmy,blu,28,4.11,19.95,92.52
Simmy,viola,24,2.73,23.41,76.72
Simmy,rosso,20,2.8,19.89,89.39
Simmy,blu,26,3.95,27.27,73.86
Simmy,rosso,25,39,19.31,90.41
Simmy,viola,24,4.6,14.81,878
Simmy,rosso,27,3.51,17.92,61.63
Simmy,blu,21,3.99,8.42,93.99
Simmy,viola,26,44,14.17,90.4
Simmy,viola,23,35,20.62,716
Simmy,rosso,23,3.46,17.78,92.31
Simmy,viola,27,3.8,18.89,71.19
Simmy,viola,28,3.11,158,87.99
Simmy,rosso,28,3.76,19.57,59.88
Simmy,rosso,29,3.4,13.84,817
Simmy,viola,29,3.42,15.65,101.55
Simmy,blu,28,3.89,185,72.95
Simmy,blu,26,3.14,16.36,71.93
Simmy,rosso,29,4.12,16.79,88.65
Simmy,blu,24,3.81,25.93,104.63
Simmy,blu,28,3.41,16.28,72.64
Simmy,viola,29,4.84,13.23,92.95
Simmy,rosso,25,3.83,20.28,77
Simmy,rosso,20,4.14,12.99,70.82
Simmy,viola,27,3.6,17.39,82.67
Simmy,rosso,21,3.61,14.21,87.84
Simmy,rosso,29,41,17.33,92.54
Simmy,blu,21,3.27,17.56,92.26
Simmy,blu,26,3.92,19.18,82.92
Simmy,viola,26,4.32,163,66.71
Simmy,blu,28,3.43,16.91,66.31
Simmy,viola,24,2.98,67,86.15
Simmy,blu,29,2.98,19.46,89.43
Simmy,blu,27,4.1,10.45,79.89
Simmy,viola,25,37,20.63,72.65
Simmy,viola,21,3.17,13.25,85.23
Simmy,rosso,27,3.29,21.32,86.13
Simmy,rosso,28,3.51,19.92,78.99
Simmy,rosso,24,4.34,161,888
Simmy,blu,25,2.57,18.11,66.72
Simmy,blu,20,3.58,129,93.36
Simmy,viola,25,3.57,22.41,625
Simmy,blu,20,3.22,20.42,66.67
Simmy,rosso,27,3.21,16.45,105.69
Simmy,rosso,27,3.27,16.4,44.7
Simmy,viola,26,4.49,147,83.34
Simmy,blu,22,3.34,18.46,83.43
Simmy,rosso,20,4.22,13.59,80.82
Simmy,rosso,22,3.7,21.93,81.37
Simmy,viola,27,3.79,24.46,65.75
Simmy,rosso,25,3.39,13.23,70.62
Simmy,blu,25,3.15,16.63,78.63
Simmy,viola,21,3.38,19.31,55.67
Simmy,blu,24,3.65,19.15,86.32
Simmy,viola,20,3.97,20.6,72.21
Simmy,rosso,26,3.56,17.34,81.32
Simmy,viola,29,4.47,13.17,101.61
Simmy,rosso,20,49,8.48,75.57
Simmy,rosso,21,3.89,16.84,97.95
Simmy,blu,26,3.85,,62.62
Simmy,rosso,22,3.14,15.29,62.68
Simmy,viola,26,4.16,19.18,92.21
Simmy,blu,26,2.92,18.29,78.87
Simmy,viola,25,2.97,22.61,94.61
Simmy,rosso,21,4.3,23.86,78.81
Simmy,rosso,24,3.28,13.88,75.69
Simmy,blu,29,3.42,9.69,93.38
Simmy,rosso,28,3.34,21.47,95.19
Simmy,blu,21,3.47,22.14,83.33
Simmy,viola,29,3.52,286,69.84
Simmy,rosso,28,3.94,29.4,74.31
Simmy,rosso,23,3.27,14.44,845
Simmy,viola,29,3.47,25.16,76.84
Simmy,viola,27,3.15,196,86.53
Simmy,rosso,26,4.21,18.47,98.46
Simmy,blu,24,3.96,10.39,83.3
Simmy,rosso,23,3.45,14.1,77.22
Simmy,viola,27,3.11,13.46,105.5
Simmy,rosso,23,3.54,23.47,81.75
Simmy,blu,26,4.1,64,82.13
Simmy,blu,24,4.68,15.55,88.23
Simmy,viola,21,3.19,15.68,75.42
Simmy,blu,23,2.75,26.29,72.48
Simmy,viola,22,3.36,17.28,89.69
Simmy,viola,28,46,20.15,92.9
Simmy,viola,29,3.18,13.46,64.71
Simmy,blu,25,47,14.34,80.16
Simmy,blu,24,3.1,14.82,75.64
Simmy,rosso,23,3.97,21.51,97.52
Simmy,rosso,26,3.61,14.34,69.71
Simmy,blu,27,4.34,14.56,83.91
Simmy,viola,20,3.91,10.88,101.34
Simmy,viola,24,33,112,94.4
Simmy,rosso,27,3.62,16.33,85.43
Simmy,blu,28,2.55,19.32,87.62
Simmy,rosso,23,4.33,246,958
Simmy,blu,26,3.72,20.98,86.14
Simmy,viola,29,31,22.88,87.78
Simmy,blu,20,2.98,24.26,78.17
Simmy,viola,21,3.78,14.67,76.98
Simmy,blu,23,3.67,107,93.86
Simmy,blu,27,3.84,17.32,89.5
Simmy,viola,29,4.62,17.71,805
Simmy,viola,26,4.39,21.93,67.13
Simmy,blu,28,3.97,16.92,87.12
Simmy,rosso,26,3,19.9,99.11
Simmy,blu,24,2.76,21.17,78.36
Simmy,viola,25,3.18,21.34,92.35
Simmy,rosso,26,3.31,24.67,99.82
Simmy,viola,27,3.67,20.86,80.36
Simmy,viola,20,33,12.18,106.23
Simmy,rosso,26,2.95,8.35,105.88
Simmy,viola,27,3.78,18.76,87.59
Simmy,rosso,27,4.1,11.19,84.44
Simmy,viola,28,3.8,19.14,87.45
Simmy,blu,28,2.37,23.97,89.24
Simmy,viola,27,3.54,19.11,70.38
Simmy,viola,26,3.43,12.48,101.57
Simmy,rosso,23,3.75,14.18,77.51
Simmy,viola,26,2.67,21.27,71.88
Simmy,rosso,27,3.74,175,74.65
Simmy,viola,28,3.41,16.37,87.26
Simmy,viola,20,4.18,15.46,73.45
Simmy,blu,29,3.53,24.72,87.94
Simmy,viola,29,4.44,13.56,77.96
Simmy,viola,29,3.91,10.67,108.77
Simmy,viola,20,3.14,13.21,95.87
Simmy,rosso,21,3.11,21.69,100.69
Simmy,viola,28,3.63,18.51,76.91
Simmy,blu,25,38,15.17,93.39
Simmy,blu,26,3.83,16.2,100.85
Simmy,blu,25,4.2,23.26,87.58
Simmy,viola,27,48,20.19,94.37
Simmy,rosso,20,3.2,20.34,82.58
Simmy,blu,22,2.99,16.41,79.72
Simmy,rosso,24,4.5,15.66,85.62
Simmy,rosso,22,3.42,17.51,85.3
Simmy,rosso,20,3.59,19.49,98.52
Simmy,blu,26,48,179,91.79
Simmy,viola,21,39,17.99,76.57
Simmy,blu,24,32,9.35,88.76
Simmy,rosso,25,3.35,27.37,78.37
Simmy,viola,22,3.49,203,74.55
Simmy,blu,29,2.71,17.69,90.2
Simmy,rosso,21,43,14.41,92.43
Simmy,,22,3.19,15.55,91.27
Simmy,viola,23,2.96,21.78,981
Simmy,viola,25,2.79,25.88,60.44
Simmy,blu,28,3.64,14.94,77.28
Simmy,rosso,25,3.78,20.36,82.11
Simmy,viola,20,4.1,17.6,86.58
Simmy,rosso,20,3.99,23.47,88.95
Simmy,viola,28,3.15,15.92,68.18
Simmy,blu,22,2.99,19.49,111.51
Simmy,blu,28,3.1,17.46,89.23
Simmy,rosso,26,3.99,117,89.95
Simmy,blu,25,3.63,9.62,91.29
