specie,colore,n_arti,peso,altezza,larghezza
Robby,viola,25,4.41,31.33.00,66.36.00
Robby,viola,28,4.03,40.05.00,68.55.00
Robby,rosso,26,5.38,47.4,69.12.00
Robby,blu,29,4.28,29.46.00,72.27.00
Robby,rosso,22,4.41,40.8,70.34.00
Robby,rosso,22,54,30.15.00,67.32.00
Robby,rosso,23,4.11,25.29.00,74.13.00
Robby,viola,22,4.39,32.37.00,765
Robby,viola,22,5.25,29.55.00,64.34.00
Robby,rosso,22,4.1,339,66.02.00
Robby,viola,29,4.18,33.13.00,69.21.00
Robby,blu,24,4.25,35.18.00,65.17.00
Robby,viola,26,4.19,32.21.00,72.19.00
Robby,blu,26,4.11,34.11.00,74.23.00
Robby,blu,26,5.13,34.29.00,73.29.00
Robby,viola,22,5.05,389,65.37.00
Robby,rosso,25,5.24,35.48.00,72.4
Robby,viola,22,3.52,31.15.00,70.8
Robby,blu,22,46,26.16.00,75.13.00
Robby,viola,29,4.55,29.26.00,80.25.00
Robby,blu,22,5.05,35.33.00,71.33.00
Robby,rosso,26,5.13,34.43.00,63.26.00
Robby,blu,26,4.36,35.18.00,693
Robby,rosso,28,5.04,386,67.34.00
Robby,rosso,27,4.54,31.03.00,67.36.00
Robby,blu,24,4.34,21.31,67.54.00
Robby,blu,23,5.05,30.21.00,71.58.00
Robby,rosso,20,4.3,30.32.00,70.52.00
Robby,rosso,23,4.16,21.34,71.49.00
Robby,rosso,28,5.56,32.22.00,70.37.00
Robby,viola,28,4.52,29.38.00,68.7
Robby,blu,28,4.31,43.16.00,74.33.00
Robby,viola,23,57,297,75.17.00
Robby,blu,25,5.38,34.38.00,742
Robby,blu,28,5.02,38.33.00,72.45.00
Robby,viola,28,5.11,33.34.00,66.37.00
Robby,viola,25,5.15,28.16.00,68.15.00
Robby,viola,20,5.17,38.02.00,728
Robby,rosso,22,4.22,32.23.00,67.21.00
Robby,rosso,23,4.13,48.43.00,63.13.00
Robby,viola,21,4.31,33.05.00,69.18.00
Robby,rosso,26,4.29,30.24.00,72.59.00
Robby,viola,21,5.37,34.12.00,76.17.00
Robby,viola,24,4.3,26.5,73.23.00
Robby,rosso,26,5.13,43.01.00,76.18.00
Robby,rosso,29,4.47,40.04.00,69.38.00
Robby,viola,21,5.24,47.01.00,76.09.00
Robby,rosso,23,4.2,42.29.00,68.26.00
Robby,blu,26,5.35,372,726
Robby,blu,27,4.28,302,72.37.00
Robby,viola,23,5.22,411,71.29.00
Robby,rosso,24,4.13,30.41.00,71.24.00
Robby,viola,22,5.03,35.04.00,62.9
Robby,viola,24,3.24,36.2,74.14.00
Robby,blu,24,5.2,382,74.08.00
Robby,rosso,24,4.25,37.45.00,70.12.00
Robby,viola,20,4.31,334,69.32.00
Robby,rosso,27,5.22,18.36,74.5
Robby,viola,29,5.12,31.07.00,703
Robby,blu,29,5.16,26,64.25.00
Robby,viola,21,4.43,46.35.00,71.22.00
Robby,blu,21,4.18,30.21.00,68.39.00
Robby,viola,21,4.29,25.18.00,70.25.00
Robby,viola,29,4.13,26.13.00,734
Robby,viola,26,5.14,24.17.00,65.37.00
Robby,rosso,24,4.28,31.7,74.26.00
Robby,viola,25,4.58,34.25.00,68.27.00
Robby,blu,21,4.23,316,68.32.00
Robby,blu,27,4.22,19.32,72.32.00
Robby,rosso,23,51,44.31.00,76.19.00
Robby,rosso,20,4.6,28.25.00,76.01.00
Robby,blu,22,4.28,27.33.00,67.18.00
Robby,viola,29,4.59,33.52.00,72.29.00
Robby,rosso,21,5.28,35.38.00,73.42.00
Robby,rosso,23,4.16,33.13.00,732
Robby,viola,22,4.39,30.35.00,68.28.00
Robby,viola,25,4.56,36.58.00,68.53.00
Robby,blu,22,4.45,31.27.00,74.28.00
Robby,viola,22,5.15,37.33.00,71.28.00
Robby,rosso,27,4.2,40.2,757
Robby,rosso,20,5.29,25.58.00,71.26.00
Robby,rosso,24,4.46,34.03.00,67.33.00
Robby,rosso,21,5.44,32.23.00,74.5
Robby,viola,22,5.13,39.01.00,70.11.00
Robby,rosso,22,4.27,28.27.00,69.11.00
Robby,blu,26,5.37,32.5,66.14.00
Robby,rosso,24,5.15,37,67.32.00
Robby,viola,23,4.37,399,67.14.00
Robby,viola,27,4.26,26.24.00,74.28.00
Robby,blu,23,4.51,29.41.00,69.19.00
Robby,viola,21,4.09,36.01.00,677
Robby,viola,28,45,30.31.00,74.33.00
Robby,viola,23,5.02,32.31.00,73.44.00
Robby,viola,20,4.59,30.21.00,70.31.00
Robby,blu,25,3.59,36.07.00,76.02.00
Robby,viola,21,4.45,29.38.00,67.16.00
Robby,viola,20,4.11,31.19.00,70.1
Robby,blu,20,5.06,30.04.00,67.28.00
Robby,rosso,28,4.52,27.54.00,71.36.00
Robby,blu,25,4.27,28.43.00,754
Robby,rosso,21,4.25,38.15.00,74.25.00
Robby,viola,23,4.56,42.53.00,71.08.00
Robby,viola,24,5.19,33.03.00,69.42.00
Robby,blu,24,4.37,387,66.06.00
Robby,rosso,28,4.41,31.17.00,77.43.00
Robby,blu,28,4.22,39.8,69.36.00
Robby,rosso,25,5.02,30.32.00,68.8
Robby,rosso,28,5.05,43.15.00,66.2
Robby,viola,23,4.6,38.51.00,664
Robby,blu,23,4.45,36.42.00,76.36.00
Robby,viola,23,3.32,35.29.00,71.15.00
Robby,rosso,27,5.26,29.03.00,68.29.00
Robby,rosso,21,5.13,22.27,708
Robby,blu,28,5.26,25.9,72.34.00
Robby,blu,29,5.26,34.05.00,65.21.00
Robby,rosso,27,4.59,407,69.56.00
Robby,viola,20,4.49,19.01,69.26.00
Robby,rosso,25,4.25,24.48.00,66.24.00
Robby,viola,25,4.38,39.07.00,73.13.00
Robby,rosso,20,4.15,34.55.00,70.8
Robby,rosso,22,4.26,29.39.00,66.23.00
Robby,blu,28,5.35,30.1,69.53.00
Robby,rosso,20,4.52,38.24.00,67.24.00
Robby,rosso,23,3.42,49.27.00,70.33.00
Robby,blu,28,43,40.19.00,691
Robby,blu,23,5.11,34.38.00,668
Robby,viola,23,42,34.42.00,67.28.00
Robby,viola,21,4.47,38.41.00,69.57.00
Robby,viola,25,4.23,30.11.00,72.01.00
Robby,blu,25,3.29,28.59.00,668
Robby,blu,23,43,23.57,66.58.00
Robby,rosso,29,4.45,25.9,70.23.00
Robby,blu,27,5.13,35.16.00,68
Robby,blu,22,4.56,25.15.00,69.8
Robby,rosso,21,4.11,287,64.53.00
Robby,rosso,27,4.1,27.18.00,765
Robby,viola,23,4.52,32.52.00,74.23.00
Robby,viola,24,5.33,37.32.00,65.01.00
Robby,viola,29,4.59,37.1,65.15.00
Robby,viola,29,4.27,34.17.00,68.9
Robby,blu,20,4.29,36.25.00,73.03.00
Robby,rosso,29,5.01,36.39.00,76.01.00
Robby,rosso,20,4.02,38.21.00,74.49.00
Robby,rosso,28,4.23,27.28.00,67.7
Robby,blu,26,52,35.59.00,74.02.00
Robby,rosso,26,3.7,22.08,74.5
Robby,viola,25,5.6,31.39.00,71.47.00
Robby,viola,29,54,39.36.00,79.32.00
Robby,viola,21,3.36,32.9,67.55.00
Robby,blu,29,5.27,27.12.00,72.19.00
Robby,rosso,28,55,34.33.00,68.11.00
Robby,rosso,24,5.37,27.39.00,76.05.00
Robby,rosso,26,5.12,29.27.00,68.21.00
Robby,viola,27,4.27,30.31.00,68.17.00
Robby,rosso,26,41,29.31.00,66.32.00
Robby,,28,5.05,38.47.00,68.51.00
Robby,rosso,28,4.6,39.34.00,71.2
Robby,viola,24,3.57,33.45.00,64.57.00
Robby,rosso,21,4,42.12.00,75.38.00
Robby,rosso,29,5.02,37.18.00,66.12.00
Robby,viola,26,3.51,28.54.00,73.25.00
Robby,rosso,27,5.31,37.49.00,76.47.00
Robby,viola,26,4.34,21.22,71
Robby,blu,22,5.19,28.46.00,70.24.00
Robby,rosso,24,4.05,46.06.00,74.17.00
Robby,viola,21,5.36,43.04.00,69.7
Robby,blu,22,3.9,37.1,74.34.00
Robby,blu,23,4.34,34.6,70.43.00
Robby,viola,21,5.11,32.25.00,77.51.00
Robby,rosso,28,47,29.33.00,69.08.00
Robby,blu,20,5.09,31.4,74.27.00
Robby,rosso,27,4.37,29.36.00,692
Robby,rosso,25,4.45,34.49.00,76.08.00
Robby,blu,24,5.33,29.12.00,71.09.00
Robby,rosso,28,4.25,34.01.00,70.18.00
Robby,rosso,28,58,29.15.00,72.52.00
Robby,rosso,29,4.38,297,72.01.00
Robby,rosso,29,5.34,33.14.00,738
Robby,blu,24,4.3,36.29.00,688
Robby,viola,27,4.32,28.22.00,72.29.00
Robby,blu,22,5.34,25.6,67.03.00
Robby,rosso,25,3.32,31.42.00,772
Robby,viola,25,4.33,44.37.00,71.36.00
Robby,blu,23,5.37,36.24.00,70.21.00
Robby,blu,20,43,36.15.00,68.27.00
Robby,blu,29,4.31,35.56.00,691
Robby,viola,29,5.12,28.33.00,72.24.00
Robby,viola,20,3.27,33.02.00,66.29.00
Robby,rosso,22,4.2,37.2,74.5
Robby,rosso,27,54,35.12.00,68.12.00
Robby,blu,26,41,42.38.00,62.1
Robby,viola,22,5.28,33.11.00,71.21.00
Robby,viola,22,5.15,32.56.00,67.54.00
Robby,rosso,23,4.52,31.59.00,69.26.00
Robby,viola,29,4.01,37.43.00,70
Robby,blu,24,4.33,34.47.00,70.23.00
Robby,viola,20,4.25,29.37.00,71.17.00
Robby,rosso,21,3.27,41.5,66.16.00
Robby,rosso,23,5.27,30.18.00,727
Robby,blu,21,4.18,35.03.00,68.39.00
Robby,rosso,20,3.5,28.58.00,68.39.00
Robby,rosso,26,4.37,33.33.00,73.46.00
Robby,blu,22,5.11,20.05,72.24.00
Robby,viola,25,4.36,25.27.00,69.09.00
Robby,viola,21,5.07,35.41.00,70.18.00
Robby,rosso,22,4.52,27.12.00,734
Robby,rosso,20,5.15,33.01.00,687
Robby,rosso,27,5.26,377,77.29.00
Robby,rosso,27,5.01,33.2,68.36.00
Robby,blu,28,4.42,28.24.00,69.38.00
Robby,viola,25,5.15,31.04.00,68.7
Robby,blu,27,3.32,356,72.15.00
Robby,viola,23,52,39.38.00,73.14.00
Robby,rosso,23,4.18,41.26.00,71.52.00
Robby,blu,20,5.31,30.35.00,67.1
Robby,rosso,23,5.24,43.07.00,70.26.00
Robby,blu,22,4.35,35.08.00,71.23.00
Robby,blu,25,4.46,30.33.00,75.35.00
Robby,blu,22,4.37,31.3,64.44.00
Robby,rosso,27,4.46,33.7,66.16.00
Robby,viola,21,4.07,26.16.00,68.32.00
Robby,blu,29,4.16,29.37.00,701
Robby,rosso,21,4.22,34.33.00,72.12.00
Robby,blu,23,4.21,29.6,73.53.00
Robby,blu,20,5.31,37.32.00,76.31.00
Robby,viola,20,5.35,356,74.25.00
Robby,blu,24,4.11,23.11,73.34.00
Robby,blu,22,5.31,34.24.00,75.29.00
Robby,blu,24,51,33.39.00,74.01.00
Robby,viola,26,5.17,296,67.03.00
Robby,rosso,28,5.07,26.01.00,769
Robby,rosso,22,4.18,219,71.17.00
Robby,blu,25,4.36,30.14.00,73.15.00
Robby,blu,28,4.18,26.38.00,73.7
Robby,rosso,22,51,23.26,69.02.00
Robby,rosso,25,4.52,342,71.14.00
Robby,blu,23,4.59,32.53.00,68.9
Robby,rosso,20,4.22,36.16.00,71.38.00
Robby,viola,20,5.2,24.25.00,68.36.00
Robby,rosso,28,5.24,32.1,72.48.00
Robby,blu,24,4.56,32.4,68.49.00
Robby,blu,27,4.59,38.27.00,75.12.00
Robby,viola,23,5.03,24.41.00,734
Robby,viola,23,5.19,25.29.00,74.2
Robby,rosso,27,4.39,39.44.00,74.05.00
Robby,viola,26,4.24,41.24.00,68.47.00
Robby,viola,22,4.1,24.39.00,61.32.00
Robby,viola,23,4.56,31.51.00,68.48.00
Robby,viola,27,5.21,29.26.00,68.35.00
Robby,blu,23,5.11,24.29.00,68.11.00
Robby,blu,25,4.18,33.8,67.29.00
Robby,blu,24,4.28,43.51.00,67.5
Robby,blu,23,4.39,35.55.00,74.19.00
Robby,rosso,21,4.38,25.49.00,71.12.00
Robby,viola,20,4.21,29.17.00,68.18.00
Robby,rosso,21,5.16,31.41.00,68.49.00
Robby,viola,22,4.59,40.31.00,73.33.00
Robby,rosso,25,4.29,29.22.00,67.57.00
Robby,rosso,29,4.44,32.04.00,63.35.00
Robby,viola,22,4.43,32.32.00,73.22.00
Robby,rosso,24,4.36,39.55.00,70.37.00
Robby,viola,24,6.05,,64.48.00
Robby,rosso,23,4.57,35.22.00,66.48.00
Robby,viola,20,3.36,40.17.00,70.22.00
Robby,viola,22,4.46,29.41.00,62.24.00
Robby,viola,27,5.18,35.41.00,71.32.00
Robby,viola,27,5.51,36.08.00,69.22.00
Robby,viola,27,4.11,282,68.38.00
Robby,blu,23,4.07,37.39.00,68.2
Robby,blu,25,4,29.35.00,73.55.00
Robby,blu,29,6.03,31.23.00,75.21.00
Robby,rosso,26,4.7,41.08.00,69.34.00
Robby,blu,23,5.12,29.07.00,67.16.00
Robby,rosso,23,4.49,23.17,68.21.00
Robby,viola,24,4.36,42.11.00,63.13.00
Robby,viola,24,4.38,37.18.00,68.28.00
Robby,viola,29,3.8,40.51.00,70.15.00
Robby,rosso,29,4.26,31.35.00,73.56.00
Robby,blu,22,3.6,33.15.00,68.15.00
Robby,rosso,25,4.38,28.21.00,70.12.00
Robby,blu,27,4.07,29.27.00,77.6
Robby,rosso,23,4.32,43.25.00,639
Robby,blu,23,5.09,42.53.00,656
Robby,viola,22,4.05,37.51.00,71.29.00
Robby,rosso,20,4.47,41.07.00,725
Robby,blu,29,5.22,28.47.00,67.53.00
Robby,blu,20,42,28.53.00,71.7
Robby,rosso,27,4.22,35.33.00,67.26.00
Robby,viola,,4.15,44.37.00,72.24.00
Robby,rosso,26,4.53,26.11.00,73.14.00
Robby,rosso,24,5.28,29.44.00,70.12.00
Robby,rosso,21,4.03,391,72.15.00
Robby,blu,22,3.22,33.25.00,667
Robby,viola,26,4.25,33.18.00,713
Robby,viola,27,4.14,398,73.33.00
Robby,viola,22,3.4,31.55.00,70.12.00
Robby,viola,22,4.41,32.6,711
Robby,rosso,23,5.38,27.27.00,70.14.00
Robby,viola,29,4.11,383,71.05.00
Robby,viola,25,4.9,36.21.00,70.33.00
Robby,rosso,29,4.7,31.24.00,74.15.00
Robby,viola,22,4.18,32,712
Robby,viola,20,5.26,33.33.00,67.01.00
Robby,rosso,21,5.15,45,66.17.00
Robby,viola,27,4.4,28.57.00,68.27.00
Robby,viola,26,5.35,275,70.32.00
Robby,viola,24,5.21,40.28.00,66.22.00
Robby,viola,28,4.8,28.04.00,69.36.00
Robby,blu,25,5.36,31.12.00,75.38.00
Robby,blu,24,5.15,35.35.00,71.5
Robby,viola,23,6.28,30.08.00,71.27.00
Robby,viola,21,4.24,36.34.00,69.32.00
Robby,rosso,29,4.23,33.4,665
Robby,rosso,25,4.14,356,68.05.00
Robby,viola,20,4.57,33.32.00,725
Robby,blu,22,4.33,336,77.05.00
Robby,viola,29,5.08,32,70.22.00
Robby,blu,21,5.29,36.58.00,68.9
Robby,viola,21,5.23,291,67.12.00
Robby,blu,20,4.23,27.15.00,66.06.00
Robby,rosso,28,4.17,24.12.00,72.45.00
Robby,blu,26,4.47,28.35.00,68.32.00
Robby,viola,26,5.15,27.22.00,78.37.00
Robby,rosso,29,5.09,33.15.00,75.34.00
Robby,blu,29,4.21,49.31.00,68.44.00
Robby,blu,27,5.07,22.26,76.56.00
Robby,rosso,24,5.03,32.6,67.47.00
Robby,viola,25,4.1,41.6,72.9
Robby,blu,24,4.51,42.2,74.36.00
Robby,viola,20,4.42,38.32.00,75.4
Robby,blu,24,4.24,37.42.00,68.53.00
Robby,blu,22,4.56,30.24.00,73.6
Robby,viola,21,42,371,69.22.00
Robby,viola,26,5.25,34.19.00,682
Robby,blu,28,4.58,36.16.00,71.23.00
Robby,blu,23,4.43,29.2,60.39.00
Robby,rosso,23,5.28,31.35.00,69.44.00
Robby,blu,28,5.02,34.59.00,71.46.00
Robby,viola,26,4.15,26.25.00,72.35.00
Robby,viola,22,5.22,256,70.09.00
Robby,blu,26,4.31,304,69
Robby,rosso,26,4.31,38.01.00,75.31.00
Robby,blu,23,5.27,39.53.00,66.37.00
Robby,blu,24,4.35,39.37.00,74.23.00
Robby,viola,21,4.54,42.15.00,70.16.00
Robby,viola,21,4.18,31.2,70.58.00
Robby,blu,22,5.26,356,71.11.00
Robby,blu,28,4.57,28.33.00,70.35.00
Robby,rosso,21,4.35,38.36.00,75.36.00
Robby,blu,21,5.39,30.12.00,65.14.00
Robby,rosso,27,5.04,27.13.00,66.24.00
Robby,blu,27,4.19,29.33.00,70.34.00
Robby,rosso,28,4.16,40.15.00,69.48.00
Robby,rosso,28,5.31,29.42.00,65.39.00
Robby,rosso,29,5.11,32.32.00,72.04.00
Robby,blu,23,45,19.23,74.39.00
Robby,blu,22,4.57,32.41.00,69.26.00
Robby,viola,25,4.27,29.46.00,71.48.00
Robby,blu,29,4.26,38.43.00,75.14.00
Robby,rosso,29,3.41,38.35.00,73.37.00
Robby,blu,27,5.18,41.46.00,63.55.00
Robby,viola,23,5.27,24.5,66.31.00
Robby,viola,21,43,33.21.00,73.03.00
Robby,blu,21,5.13,45.47.00,66.23.00
Robby,blu,27,5.17,40.09.00,76.37.00
Robby,blu,27,4,323,746
Robby,blu,22,5.06,38.07.00,66.24.00
Robby,rosso,25,52,30.25.00,69.28.00
Robby,blu,23,52,29.41.00,68.24.00
Robby,viola,24,4.27,299,75.36.00
Robby,viola,27,5.17,22.21,74.11.00
Robby,blu,24,4.56,29.1,76.53.00
Robby,blu,22,5.25,28.54.00,66.24.00
Robby,blu,20,4.47,30.8,72.7
Robby,blu,29,5.02,45.31.00,70.02.00
Robby,rosso,21,4.53,28.02.00,66.25.00
Robby,viola,25,5.32,30.48.00,70.26.00
Robby,viola,24,3.55,43.26.00,65.41.00
Robby,rosso,24,44,32.55.00,67.18.00
Robby,blu,29,4.35,31.57.00,69.45.00
Robby,rosso,27,5.33,38.54.00,689
Robby,rosso,22,5.18,35.34.00,73.09.00
Robby,rosso,21,5.39,38.24.00,71.57.00
Robby,rosso,28,4.53,28.35.00,69.33.00
Robby,rosso,20,4.48,38.19.00,70.29.00
Robby,viola,26,4.42,30.48.00,72.33.00
Robby,blu,25,5.39,22.1,65.9
Robby,blu,26,5.04,35.34.00,65.31.00
Robby,viola,23,4.15,35.6,71.29.00
Robby,rosso,29,4.2,348,68.55.00
Robby,blu,20,4.3,32.17.00,67.21.00
Robby,blu,21,4.24,27.54.00,72.39.00
Robby,rosso,28,45,35.08.00,64.9
Robby,rosso,29,4.32,35.33.00,69.26.00
Robby,viola,29,5.08,28.34.00,70.07.00
Robby,rosso,27,4.16,25.15.00,71.07.00
Robby,viola,25,5.14,34.13.00,687
Robby,blu,25,4.56,28.13.00,72.02.00
Robby,rosso,26,5.36,40.25.00,72.9
Robby,rosso,20,4.54,20.42,66.34.00
Robby,viola,27,4.26,331,73.15.00
Robby,blu,24,5.41,31.51.00,716
Robby,rosso,28,58,327,69.17.00
Robby,blu,25,55,235,64.54.00
Robby,rosso,28,5.08,31.34.00,65.57.00
Robby,rosso,24,5.02,24.3,71.37.00
Robby,viola,29,5.39,30,752
Robby,blu,20,5.21,32.55.00,69.43.00
Robby,blu,22,4.4,34.24.00,63.32.00
Robby,rosso,25,6.08,28.22.00,69.04.00
Robby,rosso,25,4.25,34.39.00,73.54.00
Robby,blu,22,6.23,34.58.00,76.46.00
Robby,blu,20,4.22,33.2,67.36.00
Robby,rosso,28,4.12,30.24.00,71.8
Robby,rosso,23,4.53,33.49.00,759
Robby,blu,21,5.26,22.27,73.05.00
Robby,viola,27,4.59,37.23.00,72.26.00
Robby,viola,28,5.03,29.22.00,74.7
Robby,viola,25,4.54,45.31.00,74.11.00
Robby,rosso,29,5.17,40.55.00,65.41.00
Robby,viola,28,4.18,393,72.37.00
Robby,blu,24,4.57,27.15.00,69.38.00
Robby,blu,23,5.46,35.8,66.51.00
Robby,rosso,25,5.31,345,69.29.00
Robby,viola,21,5.19,38.41.00,71.11.00
Robby,blu,23,5.51,32.19.00,61.56.00
Robby,blu,25,4.51,33.35.00,679
Robby,rosso,22,5.37,33.51.00,72.2
Robby,rosso,28,4.59,34.15.00,71.59.00
Robby,blu,29,4.33,36.31.00,71.23.00
Robby,blu,26,42,22.45,70.2
Robby,rosso,20,49,23.35,70.6
Robby,viola,21,5.35,28.26.00,68.58.00
Robby,rosso,27,3.34,16.03,67
Robby,blu,22,5.1,30.35.00,67.07.00
Robby,viola,27,3.57,33.33.00,68.39.00
Robby,viola,22,5.35,26.24.00,70.19.00
Robby,rosso,20,5.23,386,69
Robby,rosso,20,4.54,40.54.00,76.24.00
Robby,blu,20,4.14,30.22.00,71.9
Robby,rosso,26,5.46,35.28.00,69.12.00
Robby,rosso,20,4.1,34.35.00,73.35.00
Robby,rosso,20,4.25,38.25.00,69.9
Robby,rosso,24,4.38,34,674
Robby,rosso,21,4.52,39.15.00,70.27.00
Robby,rosso,20,5.13,18.05,70.37.00
Robby,blu,23,4.28,37.18.00,749
Robby,viola,21,5.14,33.48.00,71.9
Robby,viola,22,5.25,40.14.00,693
Robby,blu,26,4.25,43.33.00,72.11.00
Robby,rosso,21,4.22,35.12.00,68.39.00
Robby,blu,26,3.5,381,72.34.00
Robby,viola,21,4.25,40.15.00,70.7
Robby,rosso,28,46,24.4,74.15.00
Robby,viola,20,53,39.19.00,72.17.00
Robby,viola,29,4.08,30.2,67.36.00
Robby,blu,23,43,38.02.00,71.29.00
Robby,rosso,25,4.18,39.8,68.32.00
Robby,blu,25,4.45,34.1,666
Robby,blu,21,4.38,38.51.00,70.32.00
Robby,rosso,21,5.24,32.56.00,67.36.00
Robby,blu,24,4.9,25.27.00,73.23.00
Robby,rosso,26,5.24,33.24.00,72.19.00
Robby,viola,20,4.22,44.12.00,71.27.00
Robby,blu,26,4.52,35.34.00,76.29.00
Robby,blu,21,4.32,34.35.00,68.11.00
Robby,blu,26,4.15,24.32.00,73.5
Robby,rosso,22,4.13,38.55.00,71.15.00
Robby,viola,23,53,30.41.00,728
Robby,blu,21,4.14,38.29.00,735
Robby,blu,26,48,32.16.00,73.03.00
Robby,viola,24,4.42,40.8,70.21.00
Robby,rosso,28,5.13,41.28.00,66.44.00
Robby,rosso,20,5.27,30.11.00,68.56.00
Robby,blu,28,5.3,219,68.36.00
Robby,rosso,29,5.24,33.38.00,68.54.00
Robby,rosso,28,4.13,37.14.00,71.18.00
Robby,blu,29,5.55,35,72.45.00
Robby,viola,24,4.2,33.04.00,73.27.00
Robby,viola,25,4.25,44.1,70.14.00
Robby,rosso,26,5.11,34.2,67.59.00
Robby,rosso,27,4.4,38.26.00,62.8
Robby,rosso,24,5.38,38.22.00,72
Robby,viola,26,4.37,28.17.00,70.58.00
Robby,blu,23,3.22,28.26.00,653
Robby,viola,21,5.16,19.14,73.24.00
Robby,blu,20,4.9,48.57.00,757
Robby,blu,27,59,24.45.00,71.07.00
Robby,viola,27,5.49,32.14.00,65.5
Robby,blu,25,4.31,34.52.00,73.18.00
Robby,viola,21,4.12,24.29.00,70.38.00
Robby,blu,26,4.26,29.43.00,71.58.00
Robby,rosso,27,4.23,31.34.00,68.03.00
Robby,viola,29,3.47,36.33.00,72.34.00
Robby,rosso,21,4.25,35.47.00,68.06.00
Robby,viola,22,5.15,29.39.00,69.58.00
Robby,blu,24,4.29,28.36.00,67.39.00
Robby,blu,22,4.39,35.6,67.7
Robby,blu,23,5.46,29.28.00,64.37.00
Robby,blu,22,5.5,33.5,73.01.00
Robby,blu,25,5.09,442,69.43.00
Robby,rosso,24,5.02,29.12.00,64.4
Robby,blu,20,4.13,32.03.00,70.12.00
Robby,rosso,20,5.22,43.38.00,78.33.00
Robby,rosso,23,4.48,31.46.00,67.16.00
Robby,viola,23,4.2,34.57.00,67.26.00
Robby,viola,22,4.44,341,69.03.00
Robby,viola,25,4.28,30.22.00,71.29.00
Robby,rosso,20,4.37,30.29.00,67.28.00
Robby,viola,20,4.34,24.16.00,71.39.00
Robby,viola,25,4.3,32.15.00,72.11.00
Robby,viola,25,4.24,44.24.00,66.25.00
Robby,viola,28,4.39,34,72.12.00
Robby,viola,21,5.33,32.27.00,71.43.00
Robby,viola,25,5.27,32.15.00,733
Robby,rosso,29,5.15,31.16.00,76.08.00
Robby,rosso,29,42,28.4,73.09.00
Robby,viola,26,48,37.26.00,70.43.00
Robby,blu,21,4.59,35.26.00,69.32.00
Robby,blu,29,4.37,28.2,721
Robby,viola,27,5.02,341,72.02.00
Robby,rosso,28,5.48,34.33.00,73.29.00
Robby,blu,27,4.51,38.9,73.4
Robby,rosso,20,4.6,317,74.8
Robby,viola,27,5.01,28,732
Robby,blu,27,5.36,40.35.00,71.51.00
Robby,rosso,23,4.4,387,67.25.00
Robby,rosso,22,43,309,71.04.00
Robby,rosso,23,5.07,44.33.00,674
Robby,blu,23,4.51,309,69.58.00
Robby,blu,21,4.29,20.41,65.27.00
Robby,rosso,28,5.15,394,72.37.00
Robby,blu,28,4.12,34.19.00,71.35.00
Robby,rosso,28,5.02,30.36.00,72.14.00
Robby,viola,27,4.43,29.47.00,73.16.00
Robby,blu,24,5.25,30.16.00,71.57.00
Robby,rosso,28,4.56,30.52.00,66.32.00
Robby,blu,27,5.23,34.23.00,77.11.00
Robby,rosso,24,3.22,242,70.27.00
Robby,viola,29,4.03,28.19.00,72.27.00
Robby,viola,26,4.2,34.51.00,61.34.00
Robby,viola,24,3.52,39.9,65.07.00
Robby,rosso,26,5.16,28.3,72.21.00
Robby,viola,21,4.53,35.36.00,764
Robby,viola,26,5.21,32.28.00,73.39.00
Robby,blu,29,5.21,21.44,68.26.00
Robby,blu,29,5.16,38.58.00,735
Robby,blu,24,3.25,36.27.00,74.27.00
Robby,rosso,,5.17,39.14.00,73.26.00
Robby,rosso,28,5.03,34.23.00,714
Robby,rosso,22,5.33,20.24,69.48.00
Robby,viola,27,4.28,30.51.00,65.54.00
Robby,blu,27,5.03,25.11.00,74.15.00
Robby,blu,22,4.4,30.31.00,69.52.00
Robby,viola,23,3.54,393,68.33.00
Robby,rosso,27,5.29,31.7,66.03.00
Robby,rosso,25,4.8,29.11.00,65.7
Robby,blu,28,5.06,21.38,71.43.00
Robby,blu,28,4.5,34.2,71.19.00
Robby,rosso,22,5.26,34.8,70.33.00
Robby,rosso,28,5.08,38.13.00,67.58.00
Robby,rosso,29,4.18,322,747
Robby,viola,29,59,29.49.00,67.14.00
Robby,viola,28,4.24,34.25.00,78.27.00
Robby,blu,29,4.7,38.27.00,65.12.00
Robby,viola,24,4.16,21.46,68.06.00
Robby,blu,26,4.35,23.33,71.53.00
Robby,rosso,20,5.32,23.38,74.29.00
Robby,rosso,26,5.16,379,69.02.00
Robby,blu,24,5.36,35.13.00,68.2
Robby,viola,22,5.36,38.13.00,70.12.00
Robby,blu,27,5.32,28.21.00,65.07.00
Robby,blu,22,3.55,33.56.00,71.8
Robby,blu,22,5.18,438,70.8
Robby,blu,22,3.49,38.45.00,68.57.00
Robby,blu,29,3.58,38.27.00,72.28.00
Robby,rosso,20,5.24,32.48.00,63.32.00
Robby,blu,23,5.27,34.28.00,68.26.00
Robby,viola,20,4.28,33.38.00,72.03.00
Robby,viola,27,4.14,28.33.00,697
Robby,viola,28,4.57,36.9,69.25.00
Robby,blu,23,3.42,41.17.00,693
Robby,rosso,22,5.27,28.05.00,67.39.00
Robby,viola,29,4.54,27.08.00,76.12.00
Robby,rosso,20,5.26,28.21.00,70.6
Robby,blu,26,46,31.38.00,71.22.00
Robby,viola,26,4.36,25.8,71.12.00
Robby,rosso,23,5.03,35.13.00,66.14.00
Robby,blu,21,4.51,30.13.00,76.14.00
Robby,blu,26,5.26,39.27.00,69.21.00
Robby,rosso,21,41,44.37.00,72.14.00
Robby,viola,28,4.49,34.03.00,67.38.00
Robby,rosso,28,41,30.17.00,73.22.00
Robby,viola,27,43,31.56.00,73.39.00
Robby,rosso,21,5.38,30.07.00,70.29.00
Robby,rosso,28,5.17,32.51.00,65.19.00
Robby,viola,27,4.23,28.09.00,68.38.00
Robby,viola,27,3.34,40.28.00,74.15.00
Robby,rosso,29,3.25,29.27.00,72.4
Robby,viola,21,4.37,39.17.00,66.11.00
Robby,rosso,27,4.13,29.07.00,71.29.00
Robby,rosso,29,5.02,30.18.00,69.32.00
Robby,blu,20,3.41,30.34.00,72.02.00
Robby,rosso,25,5.39,32.28.00,691
Robby,blu,26,3.56,30.28.00,73.13.00
Robby,blu,28,5.38,303,63.19.00
Robby,rosso,20,4.53,36.11.00,68.11.00
Robby,blu,21,6.11,31.36.00,734
Robby,rosso,22,5.16,25.42.00,68.52.00
Robby,viola,26,4.23,23.43,662
Robby,blu,23,4.8,20.34,70.16.00
Robby,viola,25,4.31,36.32.00,703
Robby,blu,22,4.41,36.16.00,70.36.00
Robby,blu,22,4.23,294,70.24.00
Robby,blu,24,4.58,30.53.00,72.7
Robby,blu,23,4.59,29.22.00,63.26.00
Robby,blu,26,3.9,40.06.00,72.26.00
Robby,viola,21,4.57,33.15.00,697
Robby,viola,28,4.59,41.14.00,73.7
Robby,blu,23,4.47,31.39.00,66.51.00
Robby,rosso,28,4.18,23.21,73.48.00
Robby,viola,28,4.59,27.35.00,72.17.00
Robby,blu,21,5.53,33.19.00,79.59.00
Robby,blu,22,5.05,30.47.00,71.34.00
Robby,blu,27,5.35,224,70.2
Robby,viola,25,47,32.52.00,71.23.00
Robby,viola,25,5.06,35.55.00,74.36.00
Robby,viola,23,3.42,38.17.00,73.35.00
Robby,rosso,22,4.34,34.33.00,71.04.00
Robby,rosso,25,5.17,31.24.00,73.59.00
Robby,viola,23,5.13,42,69.24.00
Robby,viola,24,3.42,25.5,67.26.00
Robby,blu,25,5.37,39.17.00,72.37.00
Robby,rosso,26,4.42,29.37.00,72.33.00
Robby,rosso,22,5.19,34.32.00,67.8
Robby,viola,25,4.58,36.4,70.29.00
Robby,blu,28,46,40.42.00,75.19.00
Robby,rosso,23,4.24,36.31.00,728
Robby,rosso,21,3.7,34.37.00,70.38.00
Robby,viola,25,5.26,30.31.00,69.51.00
Robby,viola,21,5.16,37.33.00,72.38.00
Robby,blu,21,5.14,23.38,74.28.00
Robby,blu,24,5.28,25.7,63.31.00
Robby,rosso,24,5.34,41.25.00,737
Robby,viola,25,5.17,34.29.00,68.06.00
Robby,rosso,28,4.9,348,72.25.00
Robby,blu,26,4.24,38.01.00,66.48.00
Robby,rosso,26,5.28,33.13.00,66.39.00
Robby,rosso,23,5.14,37.11.00,64.22.00
Robby,rosso,26,4.42,33.21.00,73.07.00
Robby,rosso,28,4.42,30.9,73.34.00
Robby,blu,27,4.04,30.35.00,71.06.00
Robby,viola,26,4.38,38.21.00,69.29.00
Robby,,25,4.31,23.21,69.34.00
Robby,viola,25,4.6,28.14.00,75.16.00
Robby,blu,20,5.34,47.13.00,68
Robby,viola,26,4.21,32.41.00,70.44.00
Robby,blu,29,5.18,25.17.00,70.5
Robby,blu,23,4.48,24.43.00,71.46.00
Robby,blu,23,4.16,31.04.00,70.21.00
Robby,blu,20,5.34,25.19.00,69.26.00
Robby,blu,27,4.32,40.38.00,70.27.00
Robby,blu,29,5.16,30.44.00,72.06.00
Robby,viola,24,46,23.52,70.31.00
Robby,viola,,4.39,33.13.00,76.26.00
Robby,blu,28,5.29,28.38.00,736
Robby,rosso,26,4.23,37.11.00,65.19.00
Robby,viola,23,4.47,35.38.00,741
Robby,blu,25,3.29,31.13.00,75.1
Robby,rosso,26,4.55,428,715
Robby,rosso,23,5.36,36.53.00,76.19.00
Robby,blu,23,4.29,367,74.37.00
Robby,rosso,20,5.27,37.54.00,71.5
Robby,blu,23,6.14,29.1,69.03.00
Robby,viola,28,4.25,27.49.00,69.15.00
Robby,blu,23,3.6,421,65.26.00
Robby,rosso,28,4.26,22.29,71.2
Robby,blu,20,5.36,38.51.00,67.21.00
Robby,blu,27,3.37,31.32.00,69.25.00
Robby,blu,29,5.29,39.36.00,73.35.00
Robby,rosso,28,54,32.53.00,69.39.00
Robby,rosso,29,4.48,39.33.00,703
Robby,rosso,26,4.38,35.49.00,71.15.00
Robby,blu,25,4.48,31.24.00,68.37.00
Robby,rosso,28,4.53,28.54.00,72.05.00
Robby,viola,22,5.38,30.14.00,71.24.00
Robby,rosso,24,5.15,36.21.00,77.26.00
Robby,blu,25,4.57,46.33.00,71.24.00
Robby,rosso,20,4.33,41.8,678
Robby,blu,24,5.06,30.13.00,68.36.00
Robby,blu,23,4.31,40.44.00,73.58.00
Robby,viola,23,4.24,40.42.00,67.28.00
Robby,blu,25,5.07,30.9,70.26.00
Robby,rosso,29,4.16,46.25.00,70.56.00
Robby,rosso,22,4.22,321,74.55.00
Robby,blu,27,3.58,38.46.00,73.26.00
Robby,viola,27,59,33.11.00,682
Robby,blu,20,4.27,30.01.00,69.36.00
Robby,viola,21,4.1,24.04.00,698
Robby,rosso,21,4.48,26.34.00,68.41.00
Robby,rosso,20,53,30.28.00,67.27.00
Robby,viola,29,5.23,29.14.00,66.38.00
Robby,viola,20,5.19,30.48.00,727
Robby,rosso,,4.48,40.13.00,71.13.00
Robby,viola,26,4.5,27.6,67.44.00
Robby,viola,20,4.14,29.23.00,726
Robby,viola,22,5.27,30.42.00,68.1
Robby,rosso,22,4.31,45.22.00,73.2
Robby,viola,21,4.28,26.28.00,724
Robby,viola,22,5.37,316,71.22.00
Robby,blu,23,5.39,33.8,72.36.00
Robby,rosso,23,5.23,29.35.00,73.02.00
Robby,viola,25,4.14,35.17.00,74.08.00
Robby,viola,29,5.06,23,72.41.00
Robby,viola,29,4.14,32.12.00,72.41.00
Robby,blu,26,4.46,31.31.00,65.17.00
Robby,blu,29,5.16,341,67.6
Robby,viola,20,4.32,28.11.00,71.35.00
Robby,viola,27,5.46,38.08.00,68.53.00
Robby,viola,29,5.48,30.52.00,673
Robby,rosso,25,5.13,37.02.00,76.39.00
Robby,rosso,29,4.44,26.16.00,73.01.00
Robby,viola,24,45,34.03.00,66.14.00
Robby,viola,27,4.57,31.14.00,64.16.00
Robby,viola,28,4.34,25.26.00,65.07.00
Robby,blu,21,6.11,44.5,76.35.00
Robby,rosso,29,4.6,39.58.00,68.09.00
Robby,rosso,25,5.38,37.51.00,65.19.00
Robby,blu,26,5.13,47.55.00,73.27.00
Robby,rosso,20,4.11,30.35.00,74.37.00
Robby,rosso,28,4.13,32.22.00,72.47.00
Robby,blu,24,49,33.46.00,73.2
Robby,rosso,20,4.9,30.3,73.2
Robby,blu,23,4.21,50.15.00,68.15.00
Robby,rosso,25,5.17,28.36.00,76.26.00
Robby,viola,27,3.3,427,70.08.00
Robby,rosso,27,5.54,34.2,67.42.00
Robby,viola,24,4.12,26,688
Robby,rosso,26,5.03,37.31.00,75.15.00
Robby,rosso,22,4.18,35.35.00,74.38.00
Robby,viola,22,5.11,32.5,70.29.00
Robby,rosso,24,5.42,28.26.00,64.07.00
Robby,blu,27,5.12,276,75.36.00
Robby,blu,29,5.08,30.33.00,69.33.00
Robby,blu,23,5.04,29.25.00,68.18.00
Robby,rosso,21,4.39,20.37,71.56.00
Robby,rosso,29,4.3,33.4,72.37.00
Robby,viola,25,5.37,24.35.00,781
Robby,viola,25,4.2,397,71.52.00
Robby,viola,29,48,29.21.00,63.42.00
Robby,rosso,25,4.12,28.4,71.04.00
Robby,blu,23,5.14,29.53.00,78.27.00
Robby,blu,29,5.24,33.5,70.15.00
Robby,viola,22,5.11,23.34,704
Robby,blu,21,4.09,329,77.21.00
Robby,viola,29,46,33.53.00,63.35.00
Robby,blu,29,5.38,345,72.24.00
Robby,rosso,29,4.7,25.15.00,67.35.00
Robby,blu,26,4.17,33.41.00,69.21.00
Robby,rosso,27,5.34,36.42.00,75.19.00
Robby,viola,24,4.42,34.07.00,717
Robby,viola,20,4.34,357,67.2
Robby,viola,27,4.21,31.42.00,70.52.00
Robby,blu,28,3.8,24.41.00,661
Robby,viola,21,4.4,40.34.00,69.04.00
Robby,rosso,27,5.23,259,71.13.00
Robby,blu,29,5.24,319,73.01.00
Robby,rosso,28,4.14,31.23.00,66.01.00
Robby,blu,28,4.17,33.33.00,70.26.00
Robby,rosso,26,5.13,19.38,66.4
Robby,blu,25,5.55,38,71.17.00
Robby,viola,25,4.52,31.12.00,64.26.00
Robby,viola,20,4.2,31.18.00,74.13.00
Robby,rosso,,5.07,45.6,68.36.00
Robby,viola,20,5.17,31.08.00,70.36.00
Robby,blu,22,4.26,339,709
Robby,blu,22,4.45,34.06.00,69.4
Robby,blu,20,4.37,27.18.00,69.11.00
Robby,blu,21,4.5,388,756
Robby,blu,22,45,26.8,718
Robby,viola,24,59,38.58.00,74.48.00
Robby,rosso,27,4.15,35.29.00,68.24.00
Robby,viola,24,5.09,21.38,70.17.00
Robby,rosso,20,4.26,30.14.00,69.19.00
Robby,blu,23,5.13,33.8,68.18.00
Robby,rosso,21,48,32.58.00,72.15.00
Robby,rosso,23,4.56,33.22.00,71.04.00
Robby,viola,23,5.16,291,72.24.00
Robby,viola,27,5.33,34.39.00,68.42.00
Robby,viola,22,4.38,28.7,69.15.00
Robby,viola,27,5.21,27.54.00,76.08.00
Robby,rosso,21,5.13,34.18.00,70.47.00
Robby,blu,28,4.14,36.17.00,72.46.00
Robby,blu,27,4.28,30.25.00,717
Robby,blu,20,4.45,342,76.09.00
Robby,viola,23,4.8,31.34.00,77.26.00
Robby,viola,22,5.17,27.4,72.6
Robby,rosso,21,5.17,29.13.00,68.3
Robby,blu,27,4.45,36.38.00,59.44.00
Robby,viola,24,4.6,36.07.00,66.3
Robby,rosso,27,4.47,28.9,75.14.00
Robby,blu,21,4.3,37.22.00,71.12.00
Robby,viola,29,4.7,36.12.00,77.23.00
Robby,rosso,28,4.38,34.04.00,74.12.00
Robby,blu,27,4.8,365,66.38.00
Robby,rosso,28,5.29,32.16.00,76.42.00
Robby,rosso,26,4.58,34.16.00,71.39.00
Robby,rosso,29,4.3,48.28.00,67.16.00
Robby,blu,26,4.17,29.36.00,73.1
Robby,rosso,22,5.31,36.2,723
Robby,rosso,24,4.51,24.05.00,71.07.00
Robby,rosso,24,4.43,36.16.00,70.32.00
Robby,blu,28,5.19,40.1,72.16.00
Robby,viola,20,5.16,29.21.00,71.41.00
Robby,rosso,29,5.11,27.13.00,70.12.00
Robby,viola,21,5.37,29.14.00,74.25.00
Robby,blu,22,4.42,27.06.00,64.32.00
Robby,viola,28,4.23,32.33.00,68.31.00
Robby,blu,21,4.45,31.6,70.14.00
Robby,blu,22,5.19,44.26.00,71.14.00
Robby,rosso,26,5.11,31.31.00,70.32.00
Robby,rosso,27,4.35,28.35.00,69
Robby,rosso,26,5.3,43.52.00,75.28.00
Robby,blu,29,5.46,34.11.00,71.36.00
Robby,rosso,26,4.43,28.46.00,65.38.00
Robby,rosso,26,5.35,41.01.00,73.17.00
Robby,rosso,29,4.29,35.08.00,61.5
Robby,viola,21,41,39.49.00,66.07.00
Robby,blu,28,5.07,32.25.00,70.3
Robby,rosso,28,4.15,335,68.39.00
Robby,blu,27,6.06,41,
Robby,rosso,26,4.53,31.54.00,75.34.00
Robby,blu,27,45,22.28,64.12.00
Robby,viola,22,4.26,37.01.00,71.15.00
Robby,viola,25,5.29,284,75.13.00
Robby,viola,26,4.16,34.4,71.35.00
Robby,blu,20,5.31,31.51.00,62.27.00
Robby,blu,23,42,40.13.00,69.28.00
Robby,rosso,29,49,34.39.00,67.35.00
Robby,viola,22,5.56,33.53.00,71.14.00
Robby,viola,20,4.2,35.11.00,64.52.00
Robby,viola,25,4.38,36.08.00,63.8
Robby,viola,26,58,31.12.00,68.2
Robby,blu,25,5.09,35.21.00,71.09.00
Robby,viola,21,5.18,33.44.00,696
Robby,viola,24,5.17,33.24.00,61.39.00
Robby,blu,29,5.25,29.16.00,69.5
Robby,rosso,22,5.23,34.15.00,71.43.00
Robby,viola,25,43,291,68.24.00
Robby,viola,26,5.25,28.15.00,73.06.00
Robby,blu,21,5.07,28.13.00,73.08.00
Robby,viola,24,4.13,20.25,64.53.00
Robby,rosso,22,4.7,40.37.00,73.09.00
Robby,blu,25,4.58,29.13.00,70.59.00
Robby,viola,20,5.16,45.17.00,74.03.00
Robby,blu,28,4.59,38.6,69.23.00
Robby,viola,24,5.22,33.12.00,71.11.00
Robby,blu,24,4.26,35.07.00,69.02.00
Robby,rosso,20,46,39.59.00,71.17.00
Robby,rosso,26,4.54,27.11.00,633
Robby,viola,29,4.2,30.37.00,695
Robby,rosso,23,5.02,32.23.00,72.28.00
Robby,blu,20,4.45,30.21.00,64.8
Robby,viola,21,4.36,29.2,762
Robby,viola,29,4.04,27.31.00,72.27.00
Robby,rosso,24,5.12,30.47.00,747
Robby,blu,29,3.34,34.2,72.43.00
Robby,blu,29,4.29,33.12.00,67.14.00
Robby,viola,27,5.38,28.23.00,75.16.00
Robby,viola,26,5.25,43.01.00,71.5
Robby,rosso,26,4.34,34.03.00,68.49.00
Robby,rosso,23,4.18,28.15.00,74.16.00
Robby,viola,29,5.12,29.17.00,64.18.00
Robby,blu,23,4.31,27.09.00,67.46.00
Robby,viola,29,4.55,29.19.00,69.19.00
Robby,blu,23,5.14,32.31.00,67.43.00
Robby,blu,24,4.33,28.31.00,72.18.00
Robby,rosso,27,4.4,42.08.00,71.13.00
Robby,viola,23,4.44,20.8,73.09.00
Robby,rosso,24,48,34.42.00,72.19.00
Robby,blu,23,3.36,36.26.00,71.37.00
Robby,blu,21,4.53,34.31.00,65.47.00
Robby,blu,29,6.11,37.52.00,73.01.00
Robby,rosso,29,4.23,28.44.00,70.17.00
Robby,blu,29,4.21,18.8,74.25.00
Robby,rosso,22,4.29,37.22.00,66.03.00
Robby,rosso,26,4.14,43.16.00,74.12.00
Robby,blu,27,4.36,21.31,67.02.00
Robby,viola,23,4.12,42.11.00,65.44.00
Robby,blu,26,4.22,261,75.32.00
Robby,blu,23,5.27,32.33.00,72.52.00
Robby,viola,25,4.35,29.31.00,692
Robby,viola,25,5.13,34.25.00,74.02.00
Robby,viola,23,4.1,27.01.00,73.11.00
Robby,rosso,24,5.05,22.01,67.41.00
Robby,viola,21,54,31.31.00,74.58.00
Robby,rosso,24,46,33.08.00,66.21.00
Robby,viola,23,57,36.7,68.42.00
Robby,viola,23,5.18,282,75.37.00
Robby,viola,27,5.17,30.38.00,67.07.00
Robby,rosso,23,4.38,42.13.00,69.42.00
Robby,viola,28,4.34,38.43.00,75.21.00
Robby,rosso,23,5.12,35.33.00,69.11.00
Robby,blu,24,4.31,39.24.00,
Robby,blu,29,6.35,23.07,71.51.00
Robby,blu,29,4.34,33.04.00,70.23.00
Robby,rosso,24,4.41,35.25.00,66.22.00
Robby,rosso,29,5.31,26.9,71.23.00
Robby,viola,24,4.44,24.36.00,64.55.00
Robby,viola,26,4.25,35.35.00,72.04.00
Robby,viola,24,4.42,35.53.00,73.16.00
Robby,viola,27,4.32,25.11.00,689
Robby,rosso,28,3.55,35.25.00,69.8
Robby,blu,26,4.25,25.4,66.43.00
Robby,viola,20,4.53,39.24.00,74.39.00
Robby,viola,20,4.15,36.7,73.18.00
Robby,blu,23,5.2,26.21.00,68.8
Robby,rosso,25,4.22,32.39.00,71.42.00
Robby,rosso,29,4.32,33.21.00,66.35.00
Robby,rosso,28,5.18,24.45.00,69.18.00
Robby,rosso,28,4.13,31.19.00,63.54.00
Robby,blu,26,4.46,34.23.00,74.25.00
Robby,viola,22,3.58,30.18.00,65.55.00
Robby,rosso,27,4.44,44.08.00,71.29.00
Robby,blu,22,5.11,38.27.00,71.9
Robby,viola,22,5.29,32.33.00,71.13.00
Robby,viola,26,4.54,31.28.00,71.38.00
Robby,rosso,24,4.53,22.35,73.17.00
Robby,rosso,22,4.09,38.7,68.44.00
Robby,viola,29,5.1,27.29.00,69.34.00
Robby,blu,28,4.38,294,72.24.00
Robby,viola,23,4.17,35.27.00,73.44.00
Robby,blu,26,4.28,26.31.00,71.31.00
Robby,blu,21,5.3,28.8,65.17.00
Robby,rosso,23,3.7,35.22.00,71.33.00
Robby,viola,27,4.06,32.12.00,70.28.00
Robby,viola,27,5.15,21.32,70.43.00
Robby,viola,24,4.57,32.49.00,67.52.00
Robby,blu,23,4.59,28.45.00,70.13.00
Robby,rosso,24,5.31,27.52.00,728
Robby,blu,26,5.02,43.02.00,70.57.00
Robby,viola,27,4.43,30.11.00,71.49.00
Robby,blu,22,5.2,35.38.00,66.37.00
Robby,blu,26,4.15,43.17.00,69.34.00
Robby,rosso,27,4.14,319,70.45.00
Robby,viola,27,5.27,28.07.00,66.4
Robby,blu,27,4.29,35.4,69.31.00
Robby,blu,20,4.4,33.31.00,70.52.00
Robby,viola,20,4.35,33.5,71.2
Robby,viola,24,3.59,47.59.00,731
Robby,blu,25,5.15,39.53.00,72.44.00
Robby,rosso,23,4.38,373,74.17.00
Robby,blu,21,5.21,41.28.00,75.08.00
Robby,blu,21,6.13,316,668
Robby,blu,27,5.27,32.51.00,70.8
Robby,rosso,20,5.42,24.15.00,73.38.00
Robby,rosso,21,4.55,31.21.00,67.6
Robby,rosso,28,5.34,32.18.00,75.17.00
Robby,rosso,25,5.2,35.7,69.24.00
Robby,viola,25,51,34.22.00,68.47.00
Robby,blu,27,5.05,35.29.00,76.33.00
Robby,rosso,22,5.34,38.15.00,69.31.00
Robby,rosso,26,4.33,369,71.22.00
Robby,viola,28,5.01,34.53.00,67.45.00
Robby,blu,22,5.33,27.38.00,71.22.00
Robby,rosso,29,4.46,44.33.00,69.16.00
Robby,blu,20,4.17,27.13.00,74.42.00
Robby,blu,29,4.36,34.6,717
Robby,viola,24,4.58,19.28,66.11.00
Robby,rosso,28,59,31.28.00,72.1
Robby,viola,27,4.38,40.39.00,64.05.00
Robby,blu,26,5.25,47.15.00,68.37.00
Robby,blu,22,4.39,36.33.00,717
Robby,rosso,28,4.7,39.49.00,74.14.00
Robby,blu,20,4.5,19.7,77.53.00
Robby,blu,20,5.42,30.54.00,68.41.00
Robby,blu,27,4.39,30.27.00,735
Robby,viola,21,4.24,29.52.00,71.08.00
Robby,blu,29,4.19,363,76.21.00
Robby,viola,26,5.22,35.12.00,67.05.00
Robby,blu,27,42,28.46.00,71.37.00
Robby,rosso,25,4.49,35.38.00,80.26.00
Robby,blu,25,4.18,35.19.00,67.51.00
Robby,viola,27,4.54,356,70.32.00
Robby,rosso,25,4.43,40.3,67.29.00
Robby,rosso,20,4.27,36.21.00,69.34.00
Robby,blu,26,4.19,39.8,74.36.00
Robby,rosso,26,4.26,342,69.59.00
Robby,rosso,20,4.33,37.27.00,71.15.00
Robby,rosso,29,5.36,39.29.00,75.13.00
Robby,blu,27,4.11,36.1,70.27.00
Robby,rosso,29,5.48,30.29.00,65.04.00
Robby,rosso,29,4.7,37.25.00,71.36.00
Robby,blu,27,5.27,39.43.00,71.32.00
Robby,rosso,22,4.59,33.37.00,73.41.00
Robby,viola,29,4.55,35.48.00,68.47.00
Robby,blu,23,4.24,30.26.00,71.51.00
Robby,viola,22,4.55,29.41.00,68.38.00
Robby,rosso,27,4.53,33.12.00,68.1
Robby,viola,23,5.1,19.28,65.35.00
,,,,,
Simmy,viola,20,4.27,15.17,73.22.00
Simmy,viola,27,3.15,28.19.00,88.44.00
Simmy,viola,25,4.35,125,77.14.00
Simmy,blu,20,4.16,9.9,81.37.00
Simmy,blu,28,3.26,20.27,85.05.00
Simmy,viola,24,3.14,13.12,81.13.00
Simmy,blu,21,3.11,12.37,87.12.00
Simmy,rosso,21,4.37,26.51.00,623
Simmy,blu,20,3.22,25.14.00,68.19.00
Simmy,blu,27,32,19.34,87.42.00
Simmy,blu,27,4.12,13.15,81.01.00
Simmy,blu,25,3.26,,85.09.00
Simmy,rosso,28,3.37,23.31,989
Simmy,viola,25,39,13.17,76.26.00
Simmy,viola,26,3.44,15.42,81.15.00
Simmy,viola,21,2.5,17,102.19.00
Simmy,viola,23,3.12,12.13,96.34.00
Simmy,blu,26,3.53,165,113.37.00
Simmy,viola,23,3.6,19.21,1011
Simmy,rosso,20,34,16.55,77.28.00
Simmy,rosso,24,4.11,15.54,96.14.00
Simmy,blu,28,3.19,15.28,86.47.00
Simmy,blu,21,3.36,16.04,74.47.00
Simmy,viola,28,3.35,16.25,87
Simmy,viola,24,3.17,18.18,104.8
Simmy,rosso,28,3.26,20.34,77.11.00
Simmy,rosso,20,4.25,22.13,76.35.00
Simmy,rosso,25,3.57,16.55,101.9
Simmy,viola,21,4.38,20.23,73.43.00
Simmy,viola,23,3.46,15.39,77.21.00
Simmy,rosso,24,3.39,261,92.36.00
Simmy,rosso,24,3.28,17.27,788
Simmy,rosso,29,4.15,161,92.27.00
Simmy,blu,20,3.29,18.35,78.16.00
Simmy,viola,26,3.46,22.58,87.33.00
Simmy,blu,20,3.14,148,73.17.00
Simmy,rosso,27,4.07,18.8,68.39.00
Simmy,rosso,22,3.05,14.25,61.28.00
Simmy,blu,,3.36,18.41,937
Simmy,blu,28,3.8,19.09,77.29.00
Simmy,rosso,25,4.55,18.33,80
Simmy,viola,24,3.56,15.6,79.21.00
Simmy,blu,24,4.31,11.24,99.31.00
Simmy,rosso,21,3.58,17.02,104.36.00
Simmy,blu,23,4.14,19.49,856
Simmy,viola,22,4.46,17.37,65.33.00
Simmy,rosso,27,2.58,12.59,98.34.00
Simmy,blu,21,3.56,14.41,89.15.00
Simmy,viola,28,2.38,21.25,97.36.00
Simmy,blu,29,3.24,27.4,68.55.00
Simmy,viola,20,4.08,12.43,94.21.00
Simmy,viola,24,4.19,20.06,88.56.00
Simmy,blu,27,3.17,23.36,74.51.00
Simmy,rosso,22,3.38,14.31,86.01.00
Simmy,blu,25,4.05,18.59,90.02.00
Simmy,rosso,23,3.33,15.33,96.36.00
Simmy,viola,26,3.06,13.38,71.35.00
Simmy,rosso,24,3.26,11.07,68.12.00
Simmy,blu,24,4.16,23.46,83.51.00
Simmy,blu,20,34,17.57,84.06.00
Simmy,rosso,29,41,11.57,80.55.00
Simmy,rosso,20,3.47,15.05,927
Simmy,viola,29,4.59,11.14,76.43.00
Simmy,blu,29,4.23,22.09,98.42.00
Simmy,viola,21,4.04,19.29,102.02.00
Simmy,rosso,23,4.18,19.05,77.3
Simmy,blu,23,3.37,12.54,79.38.00
Simmy,viola,23,3.17,14.8,80.41.00
Simmy,rosso,29,3.53,22.5,74.47.00
Simmy,rosso,27,3.15,21.47,80.25.00
Simmy,viola,24,4.42,15.53,107.35.00
Simmy,blu,25,4.23,16.29,56.36.00
Simmy,blu,27,3.43,17.08,90.53.00
Simmy,viola,21,2.22,20.8,71.21.00
Simmy,blu,23,3.3,18.16,62.27.00
Simmy,blu,28,4.27,11.07,94.55.00
Simmy,viola,23,3.42,15.28,86.18.00
Simmy,rosso,26,3.53,25.23.00,79.6
Simmy,viola,28,3.3,19.37,64.49.00
Simmy,viola,24,3.39,,87.37.00
Simmy,viola,28,2.45,21.29,87.27.00
Simmy,rosso,21,3.28,22.31,81.56.00
Simmy,blu,28,3.2,141,86.16.00
Simmy,blu,28,3.46,17.28,63.38.00
Simmy,blu,24,4.38,19.3,834
Simmy,blu,25,42,16.56,94.49.00
Simmy,blu,27,3.45,19.27,90.35.00
Simmy,viola,26,4.12,169,80.33.00
Simmy,blu,20,3.5,20.13,79.28.00
Simmy,rosso,25,3.55,20.33,918
Simmy,viola,23,32,15.12,88.36.00
Simmy,rosso,23,4.24,22.04,97.12.00
Simmy,blu,27,4.24,12.15,913
Simmy,blu,23,4.04,9.18,94.25.00
Simmy,blu,28,3.7,10.31,85.29.00
Simmy,blu,27,3.34,17.46,80.56.00
Simmy,viola,29,4.07,21.05,80.58.00
Simmy,blu,29,4.14,14.54,80.44.00
Simmy,blu,20,3.21,14.21,896
Simmy,rosso,22,2.34,25.49.00,72.14.00
Simmy,viola,24,5.13,21.31,872
Simmy,blu,21,3.31,10.06,80.24.00
Simmy,blu,21,4.37,16.06,99.9
Simmy,viola,25,3.32,16.22,89.38.00
Simmy,rosso,20,3.32,21.39,96
Simmy,rosso,26,3.7,10.52,88.29.00
Simmy,viola,23,4.1,255,86.1
Simmy,viola,23,3.05,23.39,90.2
Simmy,rosso,27,5.14,20.34,1084
Simmy,rosso,25,3.24,207,81.5
Simmy,blu,28,4.03,22.18,108.54.00
Simmy,blu,28,3.32,20.38,83.28.00
Simmy,rosso,26,3.06,19.15,753
Simmy,blu,22,3.1,166,88.02.00
Simmy,blu,23,3.7,121,949
Simmy,viola,24,4.01,13.7,103.21.00
Simmy,blu,25,3.17,18.51,100.24.00
Simmy,blu,23,4.12,20.8,76.47.00
Simmy,blu,25,43,16.38,75.39.00
Simmy,rosso,24,3.17,13.9,80.05.00
Simmy,blu,28,3.38,24.26.00,90.25.00
Simmy,viola,29,2.2,13.41,62.23.00
Simmy,rosso,29,2.46,153,95.24.00
Simmy,rosso,26,3.56,11.46,94.13.00
Simmy,rosso,29,3.23,112,74.24.00
Simmy,rosso,28,4.28,15.3,94.29.00
Simmy,rosso,24,3.29,18.34,91.32.00
Simmy,viola,28,3.8,15.31,103.21.00
Simmy,viola,22,3.6,26.11.00,777
Simmy,blu,26,3.37,21.5,95.32.00
Simmy,blu,23,3.36,16.05,77.13.00
Simmy,rosso,23,3.38,71,102.06.00
Simmy,viola,26,3.34,21.52,75.31.00
Simmy,viola,20,4.17,19.57,99.21.00
Simmy,viola,26,4.17,16.29,64.24.00
Simmy,blu,20,3.35,12.07,79.36.00
Simmy,viola,26,4.29,24.8,97.05.00
Simmy,rosso,22,3.53,20.53,75.45.00
Simmy,viola,22,3.32,29.19.00,92.34.00
Simmy,blu,24,2.21,15.06,79.21.00
Simmy,viola,22,4.33,14.01,81
Simmy,rosso,28,4.17,21.39,87.23.00
Simmy,blu,28,3.27,12.39,79.05.00
Simmy,rosso,20,4.14,17.01,72.33.00
Simmy,viola,29,3.23,16.18,87.25.00
Simmy,viola,23,3.43,23.03,95.28.00
Simmy,rosso,28,47,16.35,93.14.00
Simmy,rosso,28,4.26,14.14,76.2
Simmy,viola,23,2.38,17.32,88.3
Simmy,rosso,22,4.22,12.05,91.02.00
Simmy,viola,29,4.31,10.41,98.27.00
Simmy,blu,29,3.42,12.48,79.38.00
Simmy,viola,20,3.46,17.23,93.59.00
Simmy,blu,26,3.49,23.19,74.38.00
Simmy,viola,28,3.39,15.27,
Simmy,rosso,28,34,23.59,81.06.00
Simmy,blu,21,4.1,204,107.06.00
Simmy,blu,27,3.58,22.39,1049
Simmy,blu,29,3.6,16.55,78.24.00
Simmy,blu,22,3.57,18.51,67.41.00
Simmy,blu,23,3.37,20.13,77.47.00
Simmy,rosso,25,5.08,13.12,80.25.00
Simmy,viola,25,4.32,22.51,108.54.00
Simmy,rosso,25,3.36,13.57,74.01.00
Simmy,blu,27,3.13,24.21.00,90.07.00
Simmy,rosso,27,3.39,13.19,86.23.00
Simmy,viola,27,3.12,17.36,85.22.00
Simmy,viola,27,34,19.12,95.56.00
Simmy,viola,27,3.56,20.27,91.14.00
Simmy,rosso,28,4.01,17.36,70.29.00
Simmy,blu,26,3.56,204,73.02.00
Simmy,viola,20,3.48,12.3,85.11.00
Simmy,blu,21,4.12,24.02.00,91.3
Simmy,blu,29,3.25,14.18,85.46.00
Simmy,blu,29,3.45,178,84.58.00
Simmy,blu,26,3.16,14.16,91.27.00
Simmy,rosso,27,4.33,20.24,87.26.00
Simmy,blu,22,4.27,17.35,87.35.00
Simmy,rosso,22,4.31,10.34,75.13.00
Simmy,rosso,24,4.23,10.57,90.09.00
Simmy,blu,21,4.27,20.41,85.15.00
Simmy,blu,21,4.39,14.36,78.27.00
Simmy,rosso,20,2.29,16.18,91.29.00
Simmy,viola,25,32,20.3,88.21.00
Simmy,blu,20,4.05,12.58,87.25.00
Simmy,rosso,21,4.28,19.39,763
Simmy,blu,28,3.21,17.12,99.37.00
Simmy,viola,24,49,20.19,90.02.00
Simmy,rosso,23,38,20.09,85.09.00
Simmy,blu,20,3.34,20.43,52.16.00
Simmy,blu,23,2.55,228,83.13.00
Simmy,rosso,28,3.48,28.39.00,91.02.00
Simmy,blu,23,3.11,13.21,85.53.00
Simmy,rosso,26,3.47,17.18,87.1
Simmy,rosso,24,4.12,17.14,67.2
Simmy,rosso,23,3.42,152,85.08.00
Simmy,rosso,26,4.13,16.38,103.32.00
Simmy,blu,25,4.15,21.13,78.24.00
Simmy,viola,22,4.34,21.27,86.7
Simmy,blu,25,3.59,18.45,77.49.00
Simmy,rosso,29,4.03,17.11,864
Simmy,viola,29,3.12,15.56,94.16.00
Simmy,blu,24,4.27,6,702
Simmy,viola,27,3.37,22.32,86.19.00
Simmy,blu,26,3.35,21.34,81.41.00
Simmy,rosso,24,3.57,20.14,80.27.00
Simmy,viola,22,2.41,17.38,75.3
Simmy,blu,28,4.01,20.13,74.47.00
Simmy,rosso,29,2.9,16.38,80.11.00
Simmy,blu,29,45,20.29,82.21.00
Simmy,rosso,26,3.32,22.12,70.51.00
Simmy,rosso,26,4.24,19.36,85.29.00
Simmy,rosso,20,3.46,19.36,911
Simmy,blu,29,4.21,18.31,68.12.00
Simmy,rosso,24,3.17,7.15,79.03.00
Simmy,viola,25,4.01,17.56,100.53.00
Simmy,viola,25,3.28,17.6,73.24.00
Simmy,blu,24,3.37,23.19,955
Simmy,blu,27,3.44,14.09,88.15.00
Simmy,viola,22,4.21,24.36.00,84.29.00
Simmy,blu,22,3.32,15.25,108.39.00
Simmy,rosso,20,48,172,87.5
Simmy,viola,21,3.9,175,73.27.00
Simmy,blu,26,3.34,15.6,81.22.00
Simmy,rosso,21,3.44,5.38,97.52.00
Simmy,viola,28,2.51,143,887
Simmy,viola,28,3.22,16.27,69.57.00
Simmy,rosso,25,4.46,22.3,97.25.00
Simmy,rosso,22,4.08,,109.25.00
Simmy,blu,29,3.56,14.02,97.5
Simmy,blu,25,5.03,11.24,81.5
Simmy,rosso,22,4.15,174,75.39.00
Simmy,viola,23,4.12,18.45,94.25.00
Simmy,blu,26,4.22,14.12,83.11.00
Simmy,rosso,21,4.02,15.8,86.39.00
Simmy,blu,25,3.47,19.8,71.9
Simmy,viola,29,3.6,13.59,88.17.00
Simmy,viola,24,2.9,16.54,83.56.00
Simmy,rosso,27,3.02,14.23,83.56.00
Simmy,rosso,29,32,12.51,103.34.00
Simmy,rosso,20,3.19,15.29,77.49.00
Simmy,blu,24,4,13.31,90.01.00
Simmy,blu,20,3.29,22.03,91.6
Simmy,rosso,23,55,17.16,81.55.00
Simmy,rosso,22,3.32,16.21,81.45.00
Simmy,viola,21,4.01,16.32,89.48.00
Simmy,rosso,22,4.28,21.11,72.1
Simmy,blu,23,3.13,19.59,90.32.00
Simmy,rosso,24,3.53,27.06.00,71.12.00
Simmy,viola,22,3.29,19.31,94.27.00
Simmy,viola,23,4.46,15.34,98.51.00
Simmy,rosso,25,4.03,29.26.00,68.33.00
Simmy,rosso,22,4.25,19.33,858
Simmy,blu,20,3.48,20.32,100.55.00
Simmy,viola,22,3.27,10.38,81.26.00
Simmy,blu,23,3.7,202,694
Simmy,viola,22,4.18,16.48,96.04.00
Simmy,rosso,28,3.28,20.2,83.23.00
Simmy,rosso,22,4.02,14.08,91.18.00
Simmy,blu,21,4.29,16.13,101.12.00
Simmy,viola,28,4.25,15.19,83.14.00
Simmy,blu,22,3.5,16.36,85.12.00
Simmy,rosso,27,3.53,18.16,98.18.00
Simmy,viola,25,4.29,21.25,66.03.00
Simmy,blu,25,3.55,173,93.38.00
Simmy,viola,29,2.21,16.37,97.14.00
Simmy,blu,20,3.35,8,82.9
Simmy,viola,26,4.18,14.42,79.59.00
Simmy,rosso,23,43,18.13,90.33.00
Simmy,rosso,28,3.35,187,87.21.00
Simmy,rosso,23,5.16,24.2,79.59.00
Simmy,blu,21,3.58,13.52,85.18.00
Simmy,blu,21,3.18,135,69
Simmy,viola,21,34,208,65.27.00
Simmy,blu,29,3.33,9.8,81.26.00
Simmy,rosso,23,3.19,25.43.00,777
Simmy,viola,26,4.32,17.31,66.42.00
Simmy,viola,28,3.6,20.9,52.9
Simmy,viola,29,3.8,15.17,877
Simmy,rosso,23,4.36,19.01,66.03.00
Simmy,rosso,23,4.35,152,88.18.00
Simmy,viola,25,3.23,194,100.53.00
Simmy,viola,24,4.18,20.19,117.45.00
Simmy,blu,23,46,256,69.34.00
Simmy,rosso,23,3.19,15.23,74.08.00
Simmy,viola,21,3.22,21.9,90.37.00
Simmy,rosso,22,3.52,16.22,60.52.00
Simmy,viola,20,3.24,13.5,84.32.00
Simmy,blu,22,2.52,24.37.00,78.45.00
Simmy,viola,20,4.09,22.37,87.44.00
Simmy,blu,29,3.48,15.16,1002
Simmy,rosso,23,3.29,16.33,84.9
Simmy,rosso,23,3.23,19.38,102.12.00
Simmy,blu,29,4.11,217,75.9
Simmy,viola,24,4.13,13.36,83.01.00
Simmy,blu,25,3.23,16.34,89.26.00
Simmy,viola,20,4.09,22.29,95.3
Simmy,blu,28,3.57,13.51,769
Simmy,viola,28,3.59,22.45,89.58.00
Simmy,blu,27,3.23,20.35,95.22.00
Simmy,viola,26,3.14,11.32,94.37.00
Simmy,viola,25,3.28,13.39,66.03.00
Simmy,viola,20,38,9.46,87.35.00
Simmy,rosso,21,3.27,16.45,81.48.00
Simmy,rosso,23,3.01,16.6,76.36.00
Simmy,rosso,29,3.31,26.32.00,95.31.00
Simmy,viola,25,4.23,19.46,921
Simmy,blu,24,3.29,14.35,69.27.00
Simmy,viola,26,4.03,20.23,60.04.00
Simmy,viola,22,4.2,21.19,90.09.00
Simmy,viola,27,33,12.43,93.48.00
Simmy,rosso,29,2.59,16.9,81.22.00
Simmy,rosso,24,4.11,16.23,110.9
Simmy,rosso,21,4.24,171,71.38.00
Simmy,viola,28,3.05,14.18,85.34.00
Simmy,blu,23,4.08,19.16,74.03.00
Simmy,blu,28,3.32,23.24,93.53.00
Simmy,viola,29,4.18,15.16,88.08.00
Simmy,viola,23,4.33,9.56,107.15.00
Simmy,rosso,23,4.13,14.07,92.19.00
Simmy,viola,28,4.18,19.43,81.51.00
Simmy,rosso,26,3.28,12.08,54.19.00
Simmy,rosso,22,3.1,24.1,103.18.00
Simmy,rosso,28,3.5,14.11,100.14.00
Simmy,viola,23,3.38,23.25,83.07.00
Simmy,blu,23,3.52,21.29,100.15.00
Simmy,rosso,26,3.41,129,81.44.00
Simmy,blu,20,4.24,19.46,85.54.00
Simmy,viola,26,5.04,22.19,78.32.00
Simmy,viola,24,3.6,14.31,1023
Simmy,blu,28,4.21,21.05,87.35.00
Simmy,blu,23,4,11.45,102.17.00
Simmy,rosso,23,3.23,13.4,82.25.00
Simmy,rosso,29,3.38,16.13,87.19.00
Simmy,viola,23,4.28,19.6,82.7
Simmy,blu,20,4.03,19.34,76.42.00
Simmy,viola,23,3.32,13.24,96.18.00
Simmy,viola,20,3.25,11.5,60.18.00
Simmy,rosso,22,3.46,18.19,96.15.00
Simmy,blu,25,3.6,13.47,1032
Simmy,blu,20,3.53,18.43,94.49.00
Simmy,blu,20,41,16.45,71.28.00
Simmy,blu,24,2.8,14.06,79.09.00
Simmy,blu,20,3.3,221,98.16.00
Simmy,rosso,23,3.19,201,84.32.00
Simmy,viola,25,4.25,19.11,85.35.00
Simmy,rosso,28,3.5,25.57.00,80.24.00
Simmy,viola,28,3.17,16.12,82.45.00
Simmy,rosso,23,3.5,155,102.52.00
Simmy,viola,26,3.37,13.21,89.46.00
Simmy,blu,27,3.6,13.3,88.41.00
Simmy,blu,25,3.57,15.05,79.11.00
Simmy,viola,21,3.1,24.17.00,75.54.00
Simmy,viola,29,3.21,20.08,94.36.00
Simmy,rosso,26,2.54,18.54,99.19.00
Simmy,viola,24,4.27,18.29,85.12.00
Simmy,rosso,20,3.32,112,89.12.00
Simmy,blu,27,4.37,21.56,86.57.00
Simmy,rosso,28,3.51,146,917
Simmy,blu,22,3.36,18.35,79.45.00
Simmy,viola,27,3.03,19.23,79.22.00
Simmy,viola,29,4.06,26.24.00,88.58.00
Simmy,rosso,24,35,19.42,100.18.00
Simmy,rosso,29,3.56,18.6,77.43.00
Simmy,blu,24,4.15,16.42,85.33.00
Simmy,viola,23,3.48,17.22,83.43.00
Simmy,rosso,20,3.29,22.03,82.25.00
Simmy,rosso,27,3.38,16.9,74.32.00
Simmy,viola,23,3.14,215,841
Simmy,rosso,29,3.53,17.05,80.6
Simmy,blu,29,4.27,178,81.39.00
Simmy,blu,24,3.18,21.38,99.09.00
Simmy,blu,21,3.24,12.52,98.59.00
Simmy,viola,29,3.37,20.39,88.27.00
Simmy,rosso,27,4.24,17.15,793
Simmy,rosso,28,4.06,28.7,79.34.00
Simmy,viola,26,31,22.35,75.35.00
Simmy,rosso,25,4.29,20.04,87.43.00
Simmy,rosso,29,4.11,3.17,90.21.00
Simmy,viola,26,3.39,15.35,72.02.00
Simmy,viola,20,4.08,15.36,67.53.00
Simmy,blu,26,47,16.25,90.47.00
Simmy,rosso,29,3.39,12.53,86.14.00
Simmy,viola,21,5.07,17.28,82.34.00
Simmy,rosso,28,32,16.12,95.16.00
Simmy,viola,24,46,24.01.00,95.12.00
Simmy,rosso,29,4.44,20.34,89.21.00
Simmy,rosso,24,3.39,18.05,86.15.00
Simmy,rosso,20,4.15,18.39,76.37.00
Simmy,viola,22,4.16,23.35,86.13.00
Simmy,rosso,28,3.05,12.22,83.14.00
Simmy,viola,28,2.54,17.58,85.19.00
Simmy,blu,20,4.25,17.1,95.27.00
Simmy,rosso,29,4.13,23.34,87.15.00
Simmy,blu,27,3.29,27.4,111.27.00
Simmy,rosso,28,3.55,17.36,94.27.00
Simmy,blu,24,3.23,25.35.00,107.22.00
Simmy,viola,23,3.47,18.22,114.26.00
Simmy,blu,22,36,15.2,68.16.00
Simmy,blu,29,48,20.23,88.13.00
Simmy,viola,23,3.33,21.11,79.35.00
Simmy,blu,21,3.23,23.43,80.19.00
Simmy,viola,28,3.58,12.48,62.28.00
Simmy,rosso,24,2.7,129,84.36.00
Simmy,blu,20,5.34,20.17,65.39.00
Simmy,blu,21,3.48,18.35,67.54.00
Simmy,blu,20,3.11,15.37,102.26.00
Simmy,blu,24,3.01,19.29,78.39.00
Simmy,rosso,20,3.58,17.02,70.59.00
Simmy,blu,22,4.19,20.7,82.17.00
Simmy,viola,23,3.26,21.05,1033
Simmy,rosso,25,3.54,17.11,67.13.00
Simmy,blu,26,3.47,27.36.00,82.28.00
Simmy,viola,22,4.45,18.36,96
Simmy,blu,29,3.38,23.33,98.19.00
Simmy,rosso,22,4.02,194,68.32.00
Simmy,rosso,26,4.08,16.8,71.17.00
Simmy,viola,27,3.47,12.34,93.16.00
Simmy,blu,25,4.33,17.38,84.4
Simmy,blu,20,4.11,17.15,105.4
Simmy,viola,26,4.37,18.27,87.17.00
Simmy,blu,27,2.52,16.19,98.53.00
Simmy,rosso,21,3.44,19.07,111.31.00
Simmy,,20,3.26,19.25,96.48.00
Simmy,viola,22,43,21.38,81.12.00
Simmy,blu,23,3.36,173,65.11.00
Simmy,blu,22,4.15,22.36,91.47.00
Simmy,viola,20,31,15.11,89.34.00
Simmy,viola,24,4.35,26.55.00,102.27.00
Simmy,rosso,26,5.13,18.28,80.37.00
Simmy,rosso,29,3.48,16.25,89.27.00
Simmy,blu,25,4.24,14.9,86.18.00
Simmy,blu,23,3.56,16.55,92.09.00
Simmy,blu,26,48,15.5,1092
Simmy,blu,22,4.27,12.19,85.09.00
Simmy,viola,22,2.8,21.42,82.48.00
Simmy,blu,24,3.7,18.31,95.45.00
Simmy,viola,26,4.04,12.33,78.25.00
Simmy,rosso,28,3.7,17.11,96.19.00
Simmy,rosso,26,3.28,13.27,82.34.00
Simmy,rosso,29,3.1,15.19,79.47.00
Simmy,viola,29,47,194,93.57.00
Simmy,viola,26,4.17,18.12,107.27.00
Simmy,blu,24,3.56,20.03,85.03.00
Simmy,rosso,21,4.18,21.32,92.42.00
Simmy,rosso,26,3.33,17.17,72.23.00
Simmy,rosso,29,3.41,25.08.00,737
Simmy,rosso,29,3.22,17.46,83.12.00
Simmy,blu,29,3.45,22.03,87.06.00
Simmy,viola,20,4.17,14.27,90.19.00
Simmy,viola,23,4.48,16.13,73.34.00
Simmy,rosso,26,2.58,23.19,72.37.00
Simmy,viola,29,3.01,17.59,85.5
Simmy,viola,22,3.25,19.52,83.27.00
Simmy,blu,25,3.31,17.6,86.11.00
Simmy,blu,24,3.41,179,79.19.00
Simmy,blu,29,4.17,17.23,111.31.00
Simmy,rosso,26,2.7,14.36,82.27.00
Simmy,blu,26,3.3,16.13,82.19.00
Simmy,viola,20,3.34,13.39,75.44.00
Simmy,viola,28,34,13.5,91.43.00
Simmy,rosso,25,4.11,17.26,73.32.00
Simmy,rosso,25,3.18,20.8,766
Simmy,blu,26,4.18,16.13,92.31.00
Simmy,blu,22,3.6,18.58,68.3
Simmy,viola,28,3.25,12.9,93.8
Simmy,rosso,21,3.5,11.46,90.16.00
Simmy,blu,22,4.44,24.7,85.54.00
Simmy,rosso,23,3.4,12.07,91.04.00
Simmy,viola,28,3.46,18.07,76.14.00
Simmy,rosso,21,3.27,25.2,69.57.00
Simmy,rosso,23,4.23,24.53.00,88.02.00
Simmy,blu,20,3.8,19.32,89.43.00
Simmy,rosso,22,4.07,20.43,68.34.00
Simmy,blu,24,3.29,13.28,70.38.00
Simmy,blu,23,4.16,16.13,80.13.00
Simmy,blu,23,3.22,19.19,73.21.00
Simmy,rosso,25,35,21.38,81.32.00
Simmy,blu,21,3.32,235,75.31.00
Simmy,blu,22,4.19,20.34,83.39.00
Simmy,rosso,22,4.03,18.18,97.35.00
Simmy,viola,22,3.31,18.53,99.6
Simmy,rosso,20,2.13,17.31,73.29.00
Simmy,viola,21,3.24,14.4,84.29.00
Simmy,blu,22,4.24,16,68.46.00
Simmy,rosso,20,3.6,17.28,85
Simmy,rosso,27,4.33,25.37.00,95.3
Simmy,blu,25,2.39,18.15,86.32.00
Simmy,blu,26,3.14,15.1,102.11.00
Simmy,viola,28,2.27,22.28,67.56.00
Simmy,blu,26,3.48,19.54,85.13.00
Simmy,viola,25,3.8,15.15,94.24.00
Simmy,blu,21,4.38,23.33,65.23.00
Simmy,viola,24,3.58,20.11,67.23.00
Simmy,rosso,22,3.26,23.39,1039
Simmy,viola,27,3.23,20.26,100.6
Simmy,blu,26,4.09,20.42,90.46.00
Simmy,rosso,27,3.26,22.26,97.37.00
Simmy,blu,27,4.32,18.18,84.17.00
Simmy,rosso,24,3.32,17.16,104.14.00
Simmy,viola,27,4.15,16.46,80.1
Simmy,viola,21,3.16,13.04,78.37.00
Simmy,viola,29,35,20.34,76.17.00
Simmy,rosso,20,4.36,19.04,74.4
Simmy,rosso,22,3.58,17.6,105.14.00
Simmy,rosso,22,3.55,154,85.33.00
Simmy,viola,27,3.24,16.54,84.47.00
Simmy,viola,28,3.9,20.16,73.32.00
Simmy,viola,25,3.25,21.07,74.37.00
Simmy,blu,28,3.47,24.47.00,76.49.00
Simmy,viola,21,3.49,22.51,72.44.00
Simmy,viola,23,3.17,16.36,93.37.00
Simmy,viola,29,4.09,23.24,92.4
Simmy,blu,23,4.09,23.39,59.45.00
Simmy,blu,22,4.21,17.6,96.25.00
Simmy,rosso,28,4.38,173,107.06.00
Simmy,rosso,20,4.42,23.41,92.7
Simmy,rosso,24,4.12,15.8,102.13.00
Simmy,rosso,20,3.42,23.7,86.25.00
Simmy,viola,24,3.24,21.19,88.18.00
Simmy,viola,28,3.13,8.33,88.32.00
Simmy,blu,29,3.3,18.19,80.32.00
Simmy,rosso,29,4.06,18.49,87.19.00
Simmy,viola,21,4.17,15.49,70.16.00
Simmy,viola,27,4.19,19.25,78.6
Simmy,rosso,28,4.18,13.34,97.07.00
Simmy,blu,25,5.25,13.13,79.07.00
Simmy,blu,29,3.29,17.25,84.17.00
Simmy,blu,28,4.18,92,82.15.00
Simmy,viola,29,4.16,14.27,80.16.00
Simmy,rosso,22,4.03,16.08,91.16.00
Simmy,rosso,22,4.19,11.11,81
Simmy,viola,23,3.25,20.38,86.09.00
Simmy,rosso,20,3.17,23.55,82.6
Simmy,rosso,26,38,15.28,975
Simmy,blu,24,4.34,23.58,56.32.00
Simmy,blu,28,3.13,15.13,84.25.00
Simmy,blu,21,3.36,24.39.00,87.28.00
Simmy,rosso,26,4.16,18.33,867
Simmy,viola,28,3.25,20.7,70.59.00
Simmy,blu,28,3.24,14.16,92.11.00
Simmy,blu,20,4.18,20.26,95.21.00
Simmy,blu,26,34,19.14,86.49.00
Simmy,blu,25,3.27,15.18,54.3
Simmy,viola,27,5.17,16.49,84.23.00
Simmy,viola,24,3.24,19.28,97.26.00
Simmy,rosso,25,3.27,15,79.57.00
Simmy,rosso,28,46,12.52,102.25.00
Simmy,rosso,20,3.37,20.51,94.22.00
Simmy,blu,20,2.9,16.52,81.38.00
Simmy,rosso,24,3.48,109,776
Simmy,rosso,25,39,17.45,78.31.00
Simmy,blu,26,32,22.01,83.37.00
Simmy,rosso,29,3.1,15.32,84.58.00
Simmy,rosso,25,3.37,23.13,103.33.00
Simmy,viola,22,4.21,19.25,76.23.00
Simmy,rosso,24,3.26,20.07,85.11.00
Simmy,viola,24,45,20.05,70.38.00
Simmy,blu,24,3.34,11.45,68.1
Simmy,rosso,27,4.17,28.34.00,98
Simmy,rosso,27,3.32,22.05,1008
Simmy,rosso,25,3.8,8.52,90.02.00
Simmy,rosso,25,3.54,18.21,77.56.00
Simmy,blu,29,3.31,15.36,85.06.00
Simmy,viola,29,3.36,22.08,91.1
Simmy,blu,25,3.25,15.34,82.35.00
Simmy,blu,21,3.14,15.7,752
Simmy,blu,28,44,17.51,107.22.00
Simmy,blu,25,3.46,12.45,84.22.00
Simmy,blu,28,4.15,20.28,93.07.00
Simmy,viola,26,3.08,17.53,72.19.00
Simmy,rosso,29,36,17.33,83.14.00
Simmy,viola,29,3.5,15.59,93.24.00
Simmy,rosso,29,34,15.55,78.03.00
Simmy,rosso,28,3.41,186,96.26.00
Simmy,rosso,28,3.42,20.4,111.9
Simmy,rosso,26,4.29,9.45,82.41.00
Simmy,blu,20,3.31,14.31,612
Simmy,blu,21,3.35,21.13,745
Simmy,rosso,29,3.13,15.23,676
Simmy,rosso,28,3.17,122,76.47.00
Simmy,blu,24,4.12,12.32,65.36.00
Simmy,blu,23,4.14,141,82.16.00
Simmy,rosso,29,3.24,17.15,90.51.00
Simmy,rosso,27,4.02,18.04,108.9
Simmy,blu,26,3.38,24.2,938
Simmy,viola,28,3.9,26.38.00,109.28.00
Simmy,viola,23,4.29,19.05,83.34.00
Simmy,viola,21,3.22,14.39,89.15.00
Simmy,rosso,26,3.25,21.29,81.2
Simmy,rosso,25,47,12.28,906
Simmy,viola,27,4.04,17.21,73.51.00
Simmy,viola,24,3.31,12.16,108.02.00
Simmy,blu,28,3.47,9.47,71.36.00
Simmy,viola,25,3.2,26.41.00,96.56.00
Simmy,viola,20,34,19.11,60.45.00
Simmy,viola,29,2.31,21.01,98.27.00
Simmy,blu,26,3.43,15.19,88.19.00
Simmy,rosso,28,3.49,17.12,108.28.00
Simmy,viola,29,33,14.33,82.31.00
Simmy,blu,24,3.4,21.7,72.58.00
Simmy,viola,27,4.02,7.22,81.59.00
Simmy,rosso,23,4.39,16.04,62.11.00
Simmy,viola,22,3.59,12.24,81.35.00
Simmy,rosso,27,3.21,18.05,75.24.00
Simmy,viola,22,4.39,15.21,87.21.00
Simmy,viola,21,4.33,26.12.00,100.31.00
Simmy,blu,22,3.39,177,115.22.00
Simmy,blu,24,4.05,15.14,81.35.00
Simmy,viola,26,4.28,19.58,94.11.00
Simmy,viola,21,4.2,12.25,835
Simmy,blu,23,3.52,14.49,98.59.00
Simmy,blu,23,3.17,15.29,794
Simmy,blu,26,4.09,23.28,90.57.00
Simmy,viola,26,3.13,123,107.04.00
Simmy,viola,28,2.9,16.52,84.3
Simmy,blu,21,4.15,14.47,77.38.00
Simmy,viola,26,4.43,17.29,85.55.00
Simmy,blu,25,4.31,23.39,112.48.00
Simmy,rosso,24,3.28,22.29,93.33.00
Simmy,rosso,27,4.13,18.24,93.31.00
Simmy,rosso,25,3.32,17.17,77.15.00
Simmy,blu,22,3.13,118,85.22.00
Simmy,blu,28,4.28,18.56,68.33.00
Simmy,rosso,22,4.22,22.33,60.38.00
Simmy,blu,23,2.9,19.19,100.11.00
Simmy,blu,26,3.28,21.5,83.37.00
Simmy,blu,20,4.2,16.06,100.45.00
Simmy,viola,29,3.17,135,66.21.00
Simmy,blu,22,4.09,19.07,952
Simmy,blu,29,4.08,246,69.28.00
Simmy,viola,29,4.12,13.51,88.36.00
Simmy,viola,22,4.03,21.36,97.45.00
Simmy,rosso,29,3.39,12.5,82.29.00
Simmy,blu,26,3.19,14.58,98.22.00
Simmy,viola,25,4.27,14.36,92.5
Simmy,viola,23,4.13,25.56.00,92.16.00
Simmy,blu,26,4.06,20.36,103.34.00
Simmy,viola,21,4.19,15.34,87.21.00
Simmy,viola,28,4.09,15.11,102.07.00
Simmy,viola,23,3.29,17.21,87.14.00
Simmy,rosso,26,4.17,19.36,72.31.00
Simmy,viola,21,4.28,19.34,84.41.00
Simmy,blu,25,3.46,22.47,83.28.00
Simmy,viola,28,4.03,17.15,76.35.00
Simmy,blu,24,3.14,16,70.8
Simmy,blu,29,3.12,11.53,92.09.00
Simmy,blu,26,3.25,21.12,957
Simmy,rosso,25,4.37,11.6,97.12.00
Simmy,blu,21,4.19,127,89.14.00
Simmy,blu,27,3.23,18.9,862
Simmy,,23,4.23,19.49,94.4
Simmy,viola,24,3.22,24.43.00,91.29.00
Simmy,rosso,20,2.5,20.26,89.39.00
Simmy,viola,28,3.46,14.15,86.3
Simmy,blu,25,4.21,18.28,73.25.00
Simmy,rosso,20,3.53,14.12,849
Simmy,blu,23,3.44,19.17,72.55.00
Simmy,blu,21,4.02,25.15.00,87.51.00
Simmy,rosso,22,32,20.5,87.54.00
Simmy,viola,29,3.1,9.22,77.24.00
Simmy,blu,20,4.18,19.25,562
Simmy,viola,29,3.28,17.26,78.06.00
Simmy,viola,28,4.11,14.07,966
Simmy,blu,21,5.07,189,87.1
Simmy,viola,25,43,15.34,101.06.00
Simmy,viola,22,4.04,16.54,91.16.00
Simmy,rosso,25,3.03,17.26,82.54.00
Simmy,rosso,20,3.27,23.31,85.32.00
Simmy,viola,20,3.36,12.01,92.17.00
Simmy,blu,29,4.26,18.21,84.7
Simmy,viola,21,4.4,22.21,865
Simmy,viola,20,4.31,8.13,79.59.00
Simmy,viola,27,4.18,13.11,102.23.00
Simmy,viola,20,4.28,23.4,90.48.00
Simmy,blu,26,3.3,6.17,81.28.00
Simmy,blu,24,3.48,11.08,57.22.00
Simmy,viola,28,4.11,19.22,72.6
Simmy,rosso,22,38,14.16,74.22.00
Simmy,rosso,26,3.49,20.24,69.22.00
Simmy,blu,26,3.5,21.12,87.55.00
Simmy,blu,20,3.47,16.43,86.3
Simmy,viola,29,4.12,17.27,79.21.00
Simmy,viola,24,3.15,12.21,86.18.00
Simmy,blu,21,3.39,14.51,89.22.00
Simmy,rosso,28,38,13.07,79.14.00
Simmy,viola,26,4,19.21,939
Simmy,rosso,29,4.12,11.46,89.26.00
Simmy,rosso,23,3.36,15.45,75.06.00
Simmy,rosso,22,3.42,14.26,765
Simmy,viola,22,3.41,15.18,78.36.00
Simmy,viola,21,47,14.17,721
Simmy,,22,3.7,22.31,77.37.00
Simmy,viola,25,4.38,13.22,84.12.00
Simmy,blu,27,3.47,23.38,83.08.00
Simmy,blu,26,43,24.03.00,81.11.00
Simmy,rosso,22,4.07,17.29,86.17.00
Simmy,rosso,22,4.01,22.56,98.13.00
Simmy,blu,26,36,8.53,71.17.00
Simmy,blu,29,4.16,23.6,79.39.00
Simmy,blu,21,4.38,20.22,70.36.00
Simmy,viola,24,3.48,21.01,76.12.00
Simmy,viola,22,3.18,16.09,932
Simmy,rosso,21,3.16,14.46,87.19.00
Simmy,rosso,29,4.26,23.37,618
Simmy,rosso,21,3.8,17.16,106.01.00
Simmy,rosso,29,3.21,21.17,77.02.00
Simmy,rosso,24,3.36,11.26,91.57.00
Simmy,viola,25,3.05,21.22,78.29.00
Simmy,blu,26,3.04,16.26,857
Simmy,blu,22,3.22,23.31,96.19.00
Simmy,rosso,29,3.17,14.42,74.52.00
Simmy,rosso,29,4.31,16.26,97.11.00
Simmy,blu,27,3.18,21.14,96.33.00
Simmy,rosso,20,3.34,102,72.6
Simmy,rosso,24,3.49,18.47,62.53.00
Simmy,blu,22,4.14,19.37,81.38.00
Simmy,viola,23,48,9.14,87.48.00
Simmy,blu,23,3.22,19.22,89.16.00
Simmy,blu,28,3.8,26.45.00,106.02.00
Simmy,viola,20,3.33,22.31,85.31.00
Simmy,blu,29,4.24,19.22,70.13.00
Simmy,blu,24,2.56,7.39,99.33.00
Simmy,rosso,24,3.3,12.9,77.12.00
Simmy,viola,27,3.25,15.12,100.37.00
Simmy,blu,27,3.47,13.48,88.21.00
Simmy,viola,29,34,15.33,71.11.00
Simmy,viola,29,3.22,18.25,79.5
Simmy,viola,21,4.05,25.1,92.32.00
Simmy,blu,28,3.16,13.44,77.7
Simmy,blu,24,3.11,16.03,87.58.00
Simmy,blu,24,3.29,14.41,104.24.00
Simmy,viola,25,4.33,18.2,79.19.00
Simmy,rosso,24,3.24,147,91.24.00
Simmy,viola,26,3.21,18.27,101.36.00
Simmy,viola,28,4.01,10.56,94.6
Simmy,viola,29,3.18,13.9,682
Simmy,blu,20,3.31,86,72.12.00
Simmy,rosso,22,34,18.35,68.25.00
Simmy,rosso,26,4.29,16.24,75.18.00
Simmy,rosso,24,3.17,15.47,84.13.00
Simmy,viola,26,3.49,14.33,57.59.00
Simmy,viola,21,3.37,18.32,80
Simmy,rosso,29,3.5,15.31,773
Simmy,rosso,23,4.08,25.31.00,66.25.00
Simmy,rosso,29,4.09,21.54,100.07.00
Simmy,viola,26,3.1,192,73.34.00
Simmy,rosso,23,3.37,24.33.00,92.19.00
Simmy,rosso,26,3.51,19.6,88.21.00
Simmy,rosso,23,3.38,16.49,100.8
Simmy,rosso,22,4.21,12.15,85.53.00
Simmy,rosso,25,4.05,20.12,79.27.00
Simmy,blu,23,4.36,18.47,67.3
Simmy,rosso,24,4.35,18.46,81.15.00
Simmy,rosso,20,46,274,74.15.00
Simmy,viola,28,3.49,15.32,91.11.00
Simmy,blu,24,4.34,19.52,906
Simmy,viola,23,3.2,20.28,856
Simmy,rosso,25,3.51,17.09,996
Simmy,viola,21,3.45,19.29,73.22.00
Simmy,blu,27,2.8,21.39,93.57.00
Simmy,,29,3.4,122,82.47.00
Simmy,viola,24,3.48,18.46,92.28.00
Simmy,viola,27,3.58,17.09,89.19.00
Simmy,viola,22,4.35,16.19,102.29.00
Simmy,blu,24,4.04,131,80.34.00
Simmy,blu,21,4.45,22.11,88.26.00
Simmy,viola,23,4.34,15.36,63.24.00
Simmy,blu,25,39,15.9,84.37.00
Simmy,viola,28,3.14,137,92.57.00
Simmy,viola,20,4.38,20.03,92.29.00
Simmy,viola,28,43,11.13,95.3
Simmy,blu,22,3.34,16.29,1018
Simmy,viola,23,3.38,16.44,94.06.00
Simmy,blu,26,3.8,11.16,97.26.00
Simmy,blu,21,3.34,14.56,66.19.00
Simmy,viola,26,3.15,28.08.00,89.12.00
Simmy,blu,24,2.6,14.33,72.42.00
Simmy,blu,21,3.33,27.18.00,107.3
Simmy,blu,27,3.33,21.24,785
Simmy,rosso,21,3.33,22,101.37.00
Simmy,viola,25,3.42,20.51,84.9
Simmy,rosso,28,4.35,21.7,73.25.00
Simmy,viola,28,4.12,14.22,81.28.00
Simmy,viola,26,3.6,20.15,979
Simmy,viola,20,33,19.37,94.14.00
Simmy,rosso,28,3.22,17.18,78.47.00
Simmy,viola,25,4.28,17.9,90.34.00
Simmy,viola,29,3.48,18.29,72.22.00
Simmy,rosso,26,3.31,171,74.21.00
Simmy,rosso,22,4.28,19.33,83.38.00
Simmy,rosso,22,3.31,18.03,96.33.00
Simmy,blu,27,3.52,174,83.18.00
Simmy,viola,21,3.4,24.09.00,104.46.00
Simmy,rosso,26,4.1,86,83.39.00
Simmy,blu,21,3.9,16.31,96.4
Simmy,blu,27,3.12,12.21,86.15.00
Simmy,blu,21,3.54,16.14,85.59.00
Simmy,rosso,25,4.23,16.35,84.13.00
Simmy,rosso,23,3.41,19.25,75.27.00
Simmy,viola,26,3.33,24.09.00,99.25.00
Simmy,rosso,21,39,15.32,65.03.00
Simmy,blu,28,2.36,23.14,76.36.00
Simmy,rosso,21,3.39,14.11,106.8
Simmy,blu,26,3.13,13.45,91.16.00
Simmy,rosso,20,37,23.08,103.39.00
Simmy,blu,21,4.39,20.24,100.42.00
Simmy,viola,25,34,16.14,74.9
Simmy,viola,24,4.04,15.1,83.17.00
Simmy,rosso,24,3.33,15.25,76.36.00
Simmy,rosso,28,49,23.31,85.14.00
Simmy,blu,27,3.26,19.18,776
Simmy,blu,23,4.15,208,76.26.00
Simmy,rosso,29,4.2,23.25,78.24.00
Simmy,viola,21,4.39,17.35,81.42.00
Simmy,blu,21,43,232,96.34.00
Simmy,viola,21,4.22,21.24,65.32.00
Simmy,blu,21,3.18,18.18,84.35.00
Simmy,viola,28,43,23.35,63.46.00
Simmy,viola,22,4.33,259,80.37.00
Simmy,viola,22,2.7,15.34,69.17.00
Simmy,blu,28,4.06,18.38,84.16.00
Simmy,viola,28,3.49,13.37,79.07.00
Simmy,viola,27,4.26,23.12,84.55.00
Simmy,rosso,24,3.32,18.17,102.5
Simmy,rosso,27,4.15,147,76.4
Simmy,viola,26,3.58,16.32,84.38.00
Simmy,blu,26,3.29,17.33,95.45.00
Simmy,viola,29,3.39,18.56,94.3
Simmy,viola,21,3.11,16.29,74.9
Simmy,blu,26,41,16.33,84.31.00
Simmy,blu,20,4.06,19.16,73.09.00
Simmy,rosso,25,3.52,15.14,75.04.00
Simmy,viola,27,3.16,159,71.03.00
Simmy,blu,22,3.26,17.51,68.06.00
Simmy,blu,25,4.27,21.47,73.06.00
Simmy,viola,23,3.57,18.34,77.8
Simmy,rosso,29,3.55,25.48.00,73.55.00
Simmy,rosso,21,3.59,16.31,96
Simmy,blu,23,3.25,152,60.59.00
Simmy,blu,20,37,20.11,86.45.00
Simmy,blu,22,3.53,18.24,95.11.00
Simmy,rosso,27,3.57,19.13,96.45.00
Simmy,blu,28,4.11,20.35,92.52.00
Simmy,viola,24,3.13,23.41,77.12.00
Simmy,rosso,20,2.8,20.29,89.39.00
Simmy,blu,26,4.35,27.27.00,74.26.00
Simmy,rosso,25,39,19.31,90.41.00
Simmy,viola,24,4.6,15.21,878
Simmy,rosso,27,3.51,18.32,62.03.00
Simmy,blu,21,4.39,8.42,94.39.00
Simmy,viola,26,44,14.17,90.4
Simmy,viola,23,35,21.02,716
Simmy,rosso,23,3.46,18.18,92.31.00
Simmy,viola,27,3.8,19.29,71.19.00
Simmy,viola,28,3.11,158,88.39.00
Simmy,rosso,28,4.16,19.57,60.28.00
Simmy,rosso,29,3.4,14.24,817
Simmy,viola,29,3.42,16.05,101.55.00
Simmy,blu,28,4.29,185,73.35.00
Simmy,blu,26,3.14,16.36,72.33.00
Simmy,rosso,29,4.12,17.19,89.05.00
Simmy,blu,24,4.21,26.33.00,105.03.00
Simmy,blu,28,3.41,16.28,73.04.00
Simmy,viola,29,5.24,13.23,93.35.00
Simmy,rosso,25,4.23,20.28,77
Simmy,rosso,20,4.14,13.39,71.22.00
Simmy,viola,27,3.6,17.39,83.07.00
Simmy,rosso,21,4.01,14.21,88.24.00
Simmy,rosso,29,41,17.33,92.54.00
Simmy,blu,21,3.27,17.56,92.26.00
Simmy,blu,26,4.32,19.18,83.32.00
Simmy,viola,26,4.32,163,67.11.00
Simmy,blu,28,3.43,17.31,66.31.00
Simmy,viola,24,3.38,67,86.15.00
Simmy,blu,29,3.38,19.46,89.43.00
Simmy,blu,27,4.1,10.45,80.29.00
Simmy,viola,25,37,21.03,73.05.00
Simmy,viola,21,3.17,13.25,85.23.00
Simmy,rosso,27,3.29,21.32,86.13.00
Simmy,rosso,28,3.51,20.32,79.39.00
Simmy,rosso,24,4.34,161,888
Simmy,blu,25,2.57,18.11,67.12.00
Simmy,blu,20,3.58,129,93.36.00
Simmy,viola,25,3.57,22.41,625
Simmy,blu,20,3.22,20.42,67.07.00
Simmy,rosso,27,3.21,16.45,106.09.00
Simmy,rosso,27,3.27,16.4,44.7
Simmy,viola,26,4.49,147,83.34.00
Simmy,blu,22,3.34,18.46,83.43.00
Simmy,rosso,20,4.22,13.59,81.22.00
Simmy,rosso,22,3.7,22.33,81.37.00
Simmy,viola,27,4.19,24.46.00,66.15.00
Simmy,rosso,25,3.39,13.23,71.02.00
Simmy,blu,25,3.15,17.03,79.03.00
Simmy,viola,21,3.38,19.31,56.07.00
Simmy,blu,24,4.05,19.15,86.32.00
Simmy,viola,20,4.37,20.6,72.21.00
Simmy,rosso,26,3.56,17.34,81.32.00
Simmy,viola,29,4.47,13.17,102.01.00
Simmy,rosso,20,49,8.48,75.57.00
Simmy,rosso,21,4.29,17.24,98.35.00
Simmy,blu,26,4.25,,63.02.00
Simmy,rosso,22,3.14,15.29,63.08.00
Simmy,viola,26,4.16,19.18,92.21.00
Simmy,blu,26,3.32,18.29,79.27.00
Simmy,viola,25,3.37,23.01,95.01.00
Simmy,rosso,21,4.3,24.26.00,79.21.00
Simmy,rosso,24,3.28,14.28,76.09.00
Simmy,blu,29,3.42,10.09,93.38.00
Simmy,rosso,28,3.34,21.47,95.19.00
Simmy,blu,21,3.47,22.14,83.33.00
Simmy,viola,29,3.52,286,70.24.00
Simmy,rosso,28,4.34,29.4,74.31.00
Simmy,rosso,23,3.27,14.44,845
Simmy,viola,29,3.47,25.16.00,77.24.00
Simmy,viola,27,3.15,196,86.53.00
Simmy,rosso,26,4.21,18.47,98.46.00
Simmy,blu,24,4.36,10.39,83.3
Simmy,rosso,23,3.45,14.1,77.22.00
Simmy,viola,27,3.11,13.46,105.5
Simmy,rosso,23,3.54,23.47,82.15.00
Simmy,blu,26,4.1,64,82.13.00
Simmy,blu,24,5.08,15.55,88.23.00
Simmy,viola,21,3.19,16.08,75.42.00
Simmy,blu,23,3.15,26.29.00,72.48.00
Simmy,viola,22,3.36,17.28,90.09.00
Simmy,viola,28,46,20.15,92.9
Simmy,viola,29,3.18,13.46,65.11.00
Simmy,blu,25,47,14.34,80.16.00
Simmy,blu,24,3.1,15.22,76.04.00
Simmy,rosso,23,4.37,21.51,97.52.00
Simmy,rosso,26,4.01,14.34,70.11.00
Simmy,blu,27,4.34,14.56,84.31.00
Simmy,viola,20,4.31,11.28,101.34.00
Simmy,viola,24,33,112,94.4
Simmy,rosso,27,4.02,16.33,85.43.00
Simmy,blu,28,2.55,19.32,88.02.00
Simmy,rosso,23,4.33,246,958
Simmy,blu,26,4.12,21.38,86.14.00
Simmy,viola,29,31,23.28,88.18.00
Simmy,blu,20,3.38,24.26.00,78.17.00
Simmy,viola,21,4.18,15.07,77.38.00
Simmy,blu,23,4.07,107,94.26.00
Simmy,blu,27,4.24,17.32,89.5
Simmy,viola,29,5.02,18.11,805
Simmy,viola,26,4.39,22.33,67.13.00
Simmy,blu,28,4.37,17.32,87.12.00
Simmy,rosso,26,3,19.9,99.11.00
Simmy,blu,24,3.16,21.17,78.36.00
Simmy,viola,25,3.18,21.34,92.35.00
Simmy,rosso,26,3.31,25.07.00,100.22.00
Simmy,viola,27,4.07,21.26,80.36.00
Simmy,viola,20,33,12.18,106.23.00
Simmy,rosso,26,3.35,8.35,106.28.00
Simmy,viola,27,4.18,19.16,87.59.00
Simmy,rosso,27,4.1,11.19,84.44.00
Simmy,viola,28,3.8,19.14,87.45.00
Simmy,blu,28,2.37,24.37.00,89.24.00
Simmy,viola,27,3.54,19.11,70.38.00
Simmy,viola,26,3.43,12.48,101.57.00
Simmy,rosso,23,4.15,14.18,77.51.00
Simmy,viola,26,3.07,21.27,72.28.00
Simmy,rosso,27,4.14,175,75.05.00
Simmy,viola,28,3.41,16.37,87.26.00
Simmy,viola,20,4.18,15.46,73.45.00
Simmy,blu,29,3.53,25.12.00,88.34.00
Simmy,viola,29,4.44,13.56,78.36.00
Simmy,viola,29,4.31,11.07,109.17.00
Simmy,viola,20,3.14,13.21,96.27.00
Simmy,rosso,21,3.11,22.09,101.09.00
Simmy,viola,28,4.03,18.51,77.31.00
Simmy,blu,25,38,15.17,93.39.00
Simmy,blu,26,4.23,16.2,101.25.00
Simmy,blu,25,4.2,23.26,87.58.00
Simmy,viola,27,48,20.19,94.37.00
Simmy,rosso,20,3.2,20.34,82.58.00
Simmy,blu,22,3.39,16.41,80.12.00
Simmy,rosso,24,4.5,16.06,86.02.00
Simmy,rosso,22,3.42,17.51,85.3
Simmy,rosso,20,3.59,19.49,98.52.00
Simmy,blu,26,48,179,92.19.00
Simmy,viola,21,39,18.39,76.57.00
Simmy,blu,24,32,9.35,89.16.00
Simmy,rosso,25,3.35,27.37.00,78.37.00
Simmy,viola,22,3.49,203,74.55.00
Simmy,blu,29,3.11,18.09,90.2
Simmy,rosso,21,43,14.41,92.43.00
Simmy,,22,3.19,15.55,91.27.00
Simmy,viola,23,3.36,22.18,981
Simmy,viola,25,3.19,26.28.00,60.44.00
Simmy,blu,28,4.04,15.34,77.28.00
Simmy,rosso,25,4.18,20.36,82.11.00
Simmy,viola,20,4.1,17.6,86.58.00
Simmy,rosso,20,4.39,23.47,89.35.00
Simmy,viola,28,3.15,16.32,68.18.00
Simmy,blu,22,3.39,19.49,111.51.00
Simmy,blu,28,3.1,17.46,89.23.00
Simmy,rosso,26,4.39,117,90.35.00
Simmy,blu,25,4.03,10.02,91.29.00